"raltegravir","CC1=NN=C(O1)C(=O)NC(C)(C)C2=N/C(=C(/NCC3=CC=C(C=C3)F)O)/C(=O)C(=O)N2C","1"
"riluzole","C1=CC2=C(C=C1OC(F)(F)F)SC(=N2)N","1"
"cyclosporine","CCC1C(=O)N(CC(=O)N(C(C(=O)NC(C(=O)N(C(C(=O)NC(C(=O)NC(C(=O)N(C(C(=O)N(C(C(=O)N(C(C(=O)N(C(C(=O)N1)[C@@H]([C@H](C)C/C=C/C)O)C)C(C)C)C)CC(C)C)C)CC(C)C)C)C)C)CC(C)C)C)C(C)C)CC(C)C)C)C","1"
"fenoprofen","CC(C1=CC(=CC=C1)OC2=CC=CC=C2)C(=O)O","1"
"acetazolamide","CC(=O)NC1=NN=C(S1)S(=O)(=O)N","1"
"nortriptyline","CNCCC=C1C2=CC=CC=C2CCC3=CC=CC=C31","1"
"bexarotene","CC1=CC2=C(C=C1C(=C)C3=CC=C(C=C3)C(=O)O)C(CCC2(C)C)(C)C","1"
"sorafenib","CNC(=O)C1=NC=CC(=C1)OC2=CC=C(C=C2)NC(=O)NC3=CC(=C(C=C3)Cl)C(F)(F)F","1"
"papaverine","COC1=C(C=C(C=C1)CC2=NC=CC3=CC(=C(C=C32)OC)OC)OC","1"
"nimesulide","CS(=O)(=O)NC1=C(C=C(C=C1)[N+](=O)[O-])OC2=CC=CC=C2","1"
"amineptine","C1CC2=CC=CC=C2C(C3=CC=CC=C31)[NH2+]CCCCCCC(=O)O.[Cl-]","1"
"trovafloxacin","C1[C@@H]2[C@@H](C2N)CN1C3=C(C=C4C(=O)C(=CN(C4=N3)C5=C(C=C(C=C5)F)F)C(=O)O)F","1"
"droxicam","CN1C2=C(C3=CC=CC=C3S1(=O)=O)OC(=O)N(C2=O)C4=CC=CC=N4","1"
"tetrabamate","CCCCOCC(CN1C(=O)C(C(=O)NC1=O)(CC)C2=CC=CC=C2)OC(=O)N.CCCCOCC(CN1C(=O)C(C(=O)N(C1=O)CC(COCCCC)OC(=O)N)(CC)C2=CC=CC=C2)OC(=O)N.CCC1(C(=O)NC(=O)NC1=O)C2=CC=CC=C2","1"
"ebrotidine","C1=CC(=CC=C1S(=O)(=O)NC=NCCSCC2=CSC(=N2)N=C(N)N)Br","1"
"micafungin","CCCCCOC1=CC=C(C=C1)C2=CC(=NO2)C3=CC=C(C=C3)C(=O)NC4CC(C(NC(=O)C5C(C(CN5C(=O)C(NC(=O)C(NC(=O)C6CC(CN6C(=O)C(NC4=O)C(C)O)O)C(C(C7=CC(=C(C=C7)O)OS(=O)(=O)O)O)O)C(CC(=O)N)O)C)O)O)O","1"
"erythromycin","CC[C@@H]1[C@@]([C@@H]([C@H](C(=O)[C@@H](C[C@@]([C@@H]([C@H]([C@@H]([C@H](C(=O)O1)C)O[C@H]2C[C@@]([C@H]([C@@H](O2)C)O)(C)OC)C)O[C@H]3[C@@H]([C@H](C[C@H](O3)C)N(C)C)O)(C)O)C)C)O)(C)O","1"
"zafirlukast","CC1=CC=CC=C1S(=O)(=O)NC(=O)C2=CC(=C(C=C2)CC3=CN(C4=C3C=C(C=C4)NC(=O)OC5CCCC5)C)OC","1"
"zileuton","CC(C1=CC2=CC=CC=C2S1)N(C(=O)N)O","1"
"atomoxetine","CC1=CC=CC=C1O[C@H](CCNC)C2=CC=CC=C2","1"
"ritonavir","CC(C)C1=NC(=CS1)CN(C)C(=O)N[C@@H](C(C)C)C(=O)N[C@@H](CC2=CC=CC=C2)C[C@@H]([C@H](CC3=CC=CC=C3)NC(=O)OCC4=CN=CS4)O","1"
"diltiazem","CC(=O)O[C@@H]1[C@@H](SC2=CC=CC=C2N(C1=O)CCN(C)C)C3=CC=C(C=C3)OC","1"
"clarithromycin","CC[C@@H]1[C@@]([C@@H]([C@H](C(=O)[C@@H](C[C@@]([C@@H]([C@H]([C@@H]([C@H](C(=O)O1)C)O[C@H]2C[C@@]([C@H]([C@@H](O2)C)O)(C)OC)C)O[C@H]3[C@@H]([C@H](C[C@H](O3)C)N(C)C)O)(C)OC)C)C)O)(C)O","1"
"rifampin","C[C@H]1/C=C/C=C(C(=O)NC2=C(C3=C(C(=C4C(=C3C(=O)/C2=C/NN5CCN(CC5)C)C(=O)[C@](O4)(O/C=C/[C@@H]([C@H]([C@H]([C@@H]([C@@H]([C@@H]([C@H]1O)C)O)C)OC(=O)C)C)OC)C)C)O)O)/C","1"
"testosterone","C[C@]12CC[C@H]3[C@H]([C@@H]1CC[C@@H]2O)CCC4=CC(=O)CC[C@]34C","1"
"mercaptopurine","C1=NC2=C(N1)C(=S)N=CN2","1"
"acetaminophen","CC(=O)NC1=CC=C(C=C1)O","1"
"phenytoin","C1=CC=C(C=C1)C2(C(=O)NC(=O)N2)C3=CC=CC=C3","1"
"allopurinol","C1=C2C(=NC=NC2=O)NN1","1"
"carbamazepine","C1=CC=C2C(=C1)C=CC3=CC=CC=C3N2C(=O)N","1"
"labetalol","CC(CCC1=CC=CC=C1)NCC(C2=CC(=C(C=C2)O)C(=O)N)O","1"
"minocycline","CN(C)[C@H]1[C@@H]2C[C@@H]3CC4=C(C=CC(=C4C(=C3C(=O)[C@@]2(C(=O)/C(=C(/N)O)/C1=O)O)O)O)N(C)C","1"
"nitrofurantoin","C1C(=O)NC(=O)N1/N=CC2=CC=C(O2)[N+](=O)[O-]","1"
"tamoxifen","CC/C(=C(C1=CC=CC=C1)/C2=CC=C(C=C2)OCCN(C)C)/C3=CC=CC=C3","1"
"fluconazole","C1=CC(=C(C=C1F)F)C(CN2C=NC=N2)(CN3C=NC=N3)O","1"
"niacin","C1=CC(=CN=C1)C(=O)O","1"
"sulfasalazine","C1=CC=NC(=C1)NS(=O)(=O)C2=CC=C(C=C2)N/N=C/3C=CC(=O)C(=C3)C(=O)O","1"
"indomethacin","CC1=C(C2=C(N1C(=O)C3=CC=C(C=C3)Cl)C=CC(=C2)OC)CC(=O)O","1"
"diclofenac","C1=CC=C(C(=C1)CC(=O)O)NC2=C(C=CC=C2Cl)Cl","1"
"didanosine","C1C[C@@H](O[C@@H]1CO)N2C=NC3=C2NC=NC3=O","1"
"methyldopa","C[C@](CC1=CC(=C(C=C1)O)O)(C(=O)O)N","1"
"busulfan","CS(=O)(=O)OCCCCOS(=O)(=O)C","1"
"4-aminosalicylic acid","C1=CC(=C(C=C1N)O)C(=O)O","1"
"dactinomycin","CC1C(C(=O)NC(C(=O)N2CCCC2C(=O)N(CC(=O)N(C(C(=O)O1)C(C)C)C)C)C(C)C)NC(=O)C3=C4C(=C(C=C3)C)OC5=C(C(=O)C(=C(C5=N4)C(=O)NC6C(OC(=O)C(N(C(=O)CN(C(=O)C7CCCN7C(=O)C(NC6=O)C(C)C)C)C)C(C)C)C)N)C","1"
"orlistat","CCCCCCCCCCC[C@@H](C[C@H]1[C@@H](C(=O)O1)CCCCCC)OC(=O)[C@H](CC(C)C)NC=O","1"
"ticlopidine","C1CN(CC2=C1SC=C2)CC3=CC=CC=C3Cl","1"
"azathioprine","CN1C=NC(=C1SC2=NC=NC3=C2NC=N3)[N+](=O)[O-]","1"
"sulindac","CC1=C(C2=C(C1=CC3=CC=C(C=C3)S(=O)C)C=CC(=C2)F)CC(=O)O","1"
"abacavir","C1CC1NC2=NC(=NC3=C2N=CN3C4C[C@H](C=C4)CO)N","1"
"albendazole","CCCSC1=CC2=C(C=C1)N=C(N2)NC(=O)OC","1"
"telithromycin","CC[C@@H]1[C@@]2([C@@H]([C@H](C(=O)[C@@H](C[C@]([C@@H]([C@H](C(=O)[C@H](C(=O)O1)C)C)O[C@H]3[C@@H]([C@H](C[C@H](O3)C)N(C)C)O)(C)OC)C)C)N(C(=O)O2)CCCCN4C=C(N=C4)C5=CN=CC=C5)C","1"
"bicalutamide","C[C@](CS(=O)(=O)C1=CC=C(C=C1)F)(C(=O)NC2=CC(=C(C=C2)C#N)C(F)(F)F)O","1"
"hydroxyurea","C(=O)(N)NO","1"
"clomipramine","CN(C)CCCN1C2=CC=CC=C2CCC3=C1C=C(C=C3)Cl","1"
"griseofulvin","C[C@@H]1CC(=O)C=C([C@]12C(=O)C3=C(O2)C(=C(C=C3OC)OC)Cl)OC","1"
"methimazole","CN1C=CNC1=S","1"
"diflunisal","C1=CC(=C(C=C1C2=C(C=C(C=C2)F)F)C(=O)O)O","1"
"isotretinoin","CC1=C(C(CCC1)(C)C)/C=C/C(=C/C=C/C(=CC(=O)O)/C)/C","1"
"oxaliplatin","C1CC[C@H]([C@@H](C1)N)N.C(=O)(C(=O)[O-])[O-].[Pt+2]","1"
"erlotinib","COCCOC1=C(C=C2C(=C1)C(=NC=N2)NC3=CC=CC(=C3)C#C)OCCOC","1"
"interferon alfa-2b","CCCN(CCOC1=C(C=C(C=C1Cl)Cl)Cl)C(=O)N2C=CN=C2.C(S(=O)(=O)[O-])(I)I.[Na+]","1"
"gemcitabine","C1=CN(C(=O)N=C1N)[C@H]2C([C@@H]([C@H](O2)CO)O)(F)F","1"
"gemfibrozil","CC1=CC(=C(C=C1)C)OCCCC(C)(C)C(=O)O","1"
"gefitinib","COC1=C(C=C2C(=C1)N=CN=C2NC3=CC(=C(C=C3)F)Cl)OCCCN4CCOCC4","1"
"lamotrigine","C1=CC(=C(C(=C1)Cl)Cl)C2=C(N=C(N=N2)N)N","1"
"atorvastatin","CC(C)C1=C(C(=C(N1CC[C@H](C[C@H](CC(=O)O)O)O)C2=CC=C(C=C2)F)C3=CC=CC=C3)C(=O)NC4=CC=CC=C4","1"
"disulfiram","CCN(CC)C(=S)SSC(=S)N(CC)CC","1"
"nilutamide","CC1(C(=O)N(C(=O)N1)C2=CC(=C(C=C2)[N+](=O)[O-])C(F)(F)F)C","1"
"terbinafine","CC(C)(C)C#CC=CCN(C)CC1=CC=CC2=CC=CC=C21","1"
"imatinib","CC1=C(C=C(C=C1)NC(=O)C2=CC=C(C=C2)CN3CCN(CC3)C)NC4=NC=CC(=N4)C5=CN=CC=C5","1"
"bortezomib","B([C@@H](CC(C)C)NC(=O)[C@@H](CC1=CC=CC=C1)NC(=O)C2=NC=CN=C2)(O)O","1"
"ethambutol","CCC(CO)NCCNC(CC)CO","1"
"tizanidine","C1CN=C(N1)NC2=C(C=CC3=NSN=C32)Cl","1"
"itraconazole","CCC(C)N1C(=O)N(C=N1)C2=CC=C(C=C2)N3CCN(CC3)C4=CC=C(C=C4)OC[C@H]5CO[C@](O5)(CN6C=NC=N6)C7=C(C=C(C=C7)Cl)Cl","1"
"darunavir","CC(C)CN(C[C@H]([C@H](CC1=CC=CC=C1)NC(=O)O[C@H]2CO[C@@H]3[C@H]2CCO3)O)S(=O)(=O)C4=CC=C(C=C4)N","1"
"efavirenz","C1CC1C#C[C@]2(C3=C(C=CC(=C3)Cl)NC(=O)O2)C(F)(F)F","1"
"duloxetine","CNCC[C@@H](C1=CC=CS1)OC2=CC=CC3=CC=CC=C32","1"
"thiabendazole","C1=CC=C2C(=C1)NC(=N2)C3=CSC=N3","1"
"tolvaptan","CC1=CC=CC=C1C(=O)NC2=CC(=C(C=C2)C(=O)N3CCCC(C4=C3C=CC(=C4)Cl)O)C","1"
"dronedarone","CCCCC1=C(C2=C(O1)C=CC(=C2)NS(=O)(=O)C)C(=O)C3=CC=C(C=C3)OCCCN(CCCC)CCCC","1"
"febuxostat","CC1=C(SC(=N1)C2=CC(=C(C=C2)OCC(C)C)C#N)C(=O)O","1"
"acarbose","C[C@@H]1[C@H]([C@@H]([C@H]([C@H](O1)O[C@@H]2[C@H](O[C@@H]([C@@H]([C@H]2O)O)O[C@@H]3[C@H](O[C@H]([C@@H]([C@H]3O)O)O)CO)CO)O)O)N[C@H]4C=C([C@@H]([C@@H]([C@H]4O)O)O)CO","1"
"voriconazole","C[C@@H](C1=NC=NC=C1F)[C@](CN2C=NC=N2)(C3=C(C=C(C=C3)F)F)O","1"
"estramustine","CC12CCC3C(C1CCC2O)CCC4=C3C=CC(=C4)OC(=O)N(CCCl)CCCl","1"
"nandrolone decanoate","C[C@]12CC[C@H]3[C@H]([C@@H]1CC[C@@H]2O)CCC4=CC(=O)CC[C@H]34","1"
"etodolac","CCC1=CC=CC2=C1NC3=C2CCOC3(CC)CC(=O)O","1"
"exemestane","C[C@]12CC[C@H]3[C@H]([C@@H]1CCC2=O)CC(=C)C4=CC(=O)C=C[C@]34C","1"
"fosphenytoin","C1=CC=C(C=C1)C2(C(=O)N(C(=O)N2)COP(=O)(O)O)C3=CC=CC=C3","1"
"acitretin","CC1=CC(=C(C(=C1/C=C/C(=C/C=C/C(=CC(=O)O)/C)/C)C)C)OC","1"
"ketoconazole","CC(=O)N1CCN(CC1)C2=CC=C(C=C2)OC[C@@H]3CO[C@@](O3)(CN4C=CN=C4)C5=C(C=C(C=C5)Cl)Cl","1"
"valproic acid","CCCC(CCC)C(=O)O","1"
"isoniazid","C1=CN=CC=C1C(=O)NN","1"
"amiodarone","CCCCC1=C(C2=CC=CC=C2O1)C(=O)C3=CC(=C(C(=C3)I)OCCN(CC)CC)I","1"
"flutamide","CC(C)C(=O)NC1=CC(=C(C=C1)[N+](=O)[O-])C(F)(F)F","1"
"stavudine","CC1=CN(C(=O)NC1=O)[C@H]2C=C[C@H](O2)CO","1"
"methotrexate","CN(CC1=CN=C2C(=N1)C(=NC(=N2)N)N)C3=CC=C(C=C3)C(=O)N[C@@H](CCC(=O)O)C(=O)O","1"
"dantrolene","C1C(=O)NC(=O)N1N=CC2=CC=C(O2)C3=CC=C(C=C3)[N+](=O)[O-]","1"
"oxymetholone","C[C@]12CC[C@H]3[C@H]([C@@H]1CC[C@]2(C)O)CC[C@@H]4[C@@]3(CC(=CO)C(=O)C4)C","1"
"danazol","C[C@]12CC[C@H]3[C@H]([C@@H]1CC[C@]2(C#C)O)CCC4=CC5=C(C[C@]34C)C=NO5","1"
"dacarbazine","CN(C)N/N=C1/C(=NC=N1)C(=O)N","1"
"tolcapone","CC1=CC=C(C=C1)C(=O)C2=CC(=C(C(=C2)O)O)[N+](=O)[O-]","1"
"leflunomide","CC1=C(C=NO1)C(=O)NC2=CC=C(C=C2)C(F)(F)F","1"
"bosentan","CC(C)(C)C1=CC=C(C=C1)S(=O)(=O)NC2=C(C(=NC(=N2)C3=NC=CC=N3)OCCO)OC4=CC=CC=C4OC","1"
"oxandrolone","C[C@]12CC[C@H]3[C@H]([C@@H]1CC[C@]2(C)O)CC[C@@H]4[C@@]3(COC(=O)C4)C","1"
"lapatinib","CS(=O)(=O)CCNCC1=CC=C(O1)C2=CC3=C(C=C2)N=CN=C3NC4=CC(=C(C=C4)OCC5=CC(=CC=C5)F)Cl","1"
"propylthiouracil","CCCC1=CC(=O)NC(=S)N1","1"
"nevirapine","CC1=C2C(=NC=C1)N(C3=C(C=CC=N3)C(=O)N2)C4CC4","1"
"deferasirox","C1=C/C(=C/2N/C(=C3/C=CC=CC3=O)/N(N2)C4=CC=C(C=C4)C(=O)O)/C(=O)C=C1","1"
"tipranavir","CCC[C@]1(CC(=O)C(=C(O1)O)[C@H](CC)C2=CC(=CC=C2)NS(=O)(=O)C3=NC=C(C=C3)C(F)(F)F)CCC4=CC=CC=C4","1"
"chlormezanone","CN1C(S(=O)(=O)CCC1=O)C2=CC=C(C=C2)Cl","1"
"mefenamic acid","CC1=C(C(=CC=C1)NC2=CC=CC=C2C(=O)O)C","1"
"pentostatin","C1[C@H](C2=C(NC=N1)N(C=N2)C3CC(C(O3)CO)O)O","1"
"felbamate","C1=CC=C(C=C1)C(COC(=O)N)COC(=O)N","1"
"cytarabine","C1=CN(C(=O)N=C1N)[C@H]2[C@H]([C@@H]([C@H](O2)CO)O)O","1"
"iproniazid","CC(C)NNC(=O)C1=CC=NC=C1","1"
"bromfenac","C1=CC(=C(C(=C1)CC(=O)O)N)C(=O)C2=CC=C(C=C2)Br","1"
"perhexiline","C1CCC(CC1)C(CC2CCCCN2)C3CCCCC3","1"
"ticrynafen","C1=CSC(=C1)C(=O)C2=C(C(=C(C=C2)OCC(=O)O)Cl)Cl","1"
"alatrofloxacin mesylate","C[C@@H](C(=O)N[C@@H](C)C(=O)NC1[C@H]2[C@@H]1CN(C2)C3=C(C=C4C(=O)C(=CN(C4=N3)C5=C(C=C(C=C5)F)F)C(=O)O)F)N","1"
"glafenine","C1=CC=C(C(=C1)C(=O)OCC(CO)O)NC2=C3C=CC(=CC3=NC=C2)Cl","1"
"pirprofen","CC(C1=CC(=C(C=C1)N2CC=CC2)Cl)C(=O)O","1"
"pemoline","C1=CC=C(C=C1)C2C(=O)N=C(O2)N","1"
"nomifensine","CN1CC(C2=C(C1)C(=CC=C2)N)C3=CC=CC=C3","1"
"benoxaprofen","CC(C1=CC2=C(C=C1)OC(=N2)C3=CC=C(C=C3)Cl)C(=O)O","1"
"ibufenac","CC(C)CC1=CC=C(C=C1)CC(=O)O","1"
"cinchophen","C1=CC=C(C=C1)C2=NC3=CC=CC=C3C(=C2)C(=O)O","1"
"sulfathiazole","C1=CC(=CC=C1N)S(=O)(=O)NC2=NC=CS2","1"
"sulfacarbamide","C1=CC(=CC=C1N)S(=O)(=O)NC(=O)N","1"
"triacetyldiphenolisatin","CC(=O)N1C2=CC=CC=C2C(C1=O)(C3=CC=C(C=C3)OC(=O)C)C4=CC=C(C=C4)OC(=O)C","1"
"xenazoic acid","CCOC(C(=O)C1=CC=C(C=C1)C2=CC=CC=C2)NC3=CC=C(C=C3)C(=O)O","1"
"ximelagatran","CCOC(=O)CN[C@H](C1CCCCC1)C(=O)N2CC[C@H]2C(=O)NCC3=CC=C(C=C3)/C(=N/O)/N","1"
"tolrestat","CN(CC(=O)O)C(=S)C1=CC=CC2=C1C=CC(=C2C(F)(F)F)OC","1"
"moxisylyte","CC1=CC(=C(C=C1OC(=O)C)C(C)C)OCCN(C)C","1"
"oxyphenisatin","CC(=O)OC1=CC=C(C=C1)C2(C3=CC=CC=C3NC2=O)C4=CC=C(C=C4)OC(=O)C","1"
"clomacran","CN(C)CCCC1C2=CC=CC=C2NC3=C1C=C(C=C3)Cl","1"
"isaxonine","CC(C)NC1=NC=CC=N1","1"
"pipamazine","C1CN(CCC1C(=O)N)CCCN2C3=CC=CC=C3SC4=C2C=C(C=C4)Cl","1"
"phenoxypropazine","CC(COC1=CC=CC=C1)NN","1"
"tilbroquinol","CC1=CC(=C(C2=C1C=CC=N2)O)Br","1"
"bendazac","C1=CC=C(C=C1)CN2C3=CC=CC=C3C(=N2)OCC(=O)O","1"
"benzarone","CCC1=C(C2=CC=CC=C2O1)C(=O)C3=CC=C(C=C3)O","1"
"benziodarone","CCC1=C(C2=CC=CC=C2O1)C(=O)C3=CC(=C(C(=C3)I)O)I","1"
"clometacin","CC1=C(C2=C(N1CC(=O)O)C=C(C=C2)OC)C(=O)C3=CC=C(C=C3)Cl","1"
"cyclofenil","CC(=O)OC1=CC=C(C=C1)C(=C2CCCCC2)C3=CC=C(C=C3)OC(=O)C","1"
"sulcotidil","CCCCCCCCNC(C)C(C1=CC=C(C=C1)SC(C)C)O","1"
"zimelidine","CN(C)CC=C(C1=CC=C(C=C1)Br)C2=CN=CC=C2","1"
"mebanazine","CC(C1=CC=CC=C1)NN","1"
"nialamide","C1=CC=C(C=C1)CNC(=O)CCNNC(=O)C2=CC=NC=C2","1"
"niperotidine","CN(C)CC1=CC=C(O1)CSCCN/C(=C[N+](=O)[O-])/NCC2=CC3=C(C=C2)OCO3","1"
"mepazine","CN1CCCC(C1)CN2C3=CC=CC=C3SC4=CC=CC=C42","1"
"fenclozic acid","C1=CC(=CC=C1C2=NC(=CS2)CC(=O)O)Cl","1"
"sitaxsentan","CC1=CC2=C(C=C1CC(=O)C3=C(C=CS3)S(=O)(=O)NC4=C(C(=NO4)C)Cl)OCO2","1"
"alaproclate","CC(C(=O)OC(C)(C)CC1=CC=C(C=C1)Cl)N","1"
"alclofenac","C=CCOC1=C(C=C(C=C1)CC(=O)O)Cl","1"
"fialuridine","C1=C(C(=O)NC(=O)N1[C@H]2[C@H]([C@@H]([C@H](O2)CO)O)F)I","1"
"tasosartan","CC1=C2CCC(=O)N(C2=NC(=N1)C)CC3=CC=C(C=C3)C4=CC=CC=C4C5=NNN=N5","1"
"dermatan","CC(=O)N[C@@H]1[C@H]([C@H]([C@H](O[C@H]1O)CO)OS(=O)(=O)[O-])O[C@H]2[C@@H]([C@H]([C@@H]([C@@H](O2)C(=O)[O-])O)O)O","1"
"pralnacasan ","CCO[C@H]1[C@H](CC(=O)O1)NC(=O)[C@@H]2CCCN3N2C(=O)[C@H](CCC3=O)NC(=O)C4=NC=CC5=CC=CC=C54","1"
"falnidamol ","CN1CCC(CC1)NC2=NC=C3C(=N2)C(=NC=N3)NC4=CC(=C(C=C4)F)Cl","1"
"aplaviroc ","CCCCN1C(=O)[C@H](NC(=O)C12CCN(CC2)CC3=CC=C(C=C3)OC4=CC=C(C=C4)C(=O)O)[C@@H](C5CCCCC5)O","1"
"pafuramidine ","CO/N=C(N)/C1=CC=C(C=C1)C2=CC=C(O2)C3=CC=C(C=C3)/C(=N/OC)/N","1"
"fiduxosin ","COC1=CC=CC2=C1[C@@H]3CN(C[C@@H]3CO2)CCCCN4C(=O)C5=C(C6=NC(=CN=C6S5)C7=CC=CC=C7)NC4=O","1"
"eltrombopag olamine","CC1=C(C=C(C=C1)N2C(=O)C(=C(N2)C)N/N=C/3C=CC=C(C3=O)C4=CC(=CC=C4)C(=O)O)C.C(CO)N.C(CO)N","1"
"divalproex sodium","CCCC(CCC)C(=O)O.CCCC(CCC)C(=O)[O-].[Na+]","1"
"maraviroc","CC1=NN=C(N1C2C[C@H]3CC[C@@H](C2)N3CC[C@@H](C4=CC=CC=C4)NC(=O)C5CCC(CC5)(F)F)C(C)C","1"
"indinavir","CC(C)(C)NC(=O)[C@@H]1CN(CCN1C[C@H](C[C@@H](CC2=CC=CC=C2)C(=O)N[C@@H]3[C@@H](CC4=CC=CC=C34)O)O)CC5=CN=CC=C5","1"
"isocarboxazid","CC1=CC(=NO1)C(=O)NNCC2=CC=CC=C2","1"
"chenodiol","C[C@H](CCC(=O)O)[C@H]1CC[C@@H]2[C@@]1(CC[C@H]3[C@H]2[C@@H](C[C@H]4[C@@]3(CC[C@H](C4)O)C)O)C","1"
"rifapentine","C[C@H]1/C=C/C=C(C(=O)NC2=C(C3=C(C(=C4C(=C3C(=O)/C2=C/NN5CCN(CC5)C6CCCC6)C(=O)[C@](O4)(O/C=C/[C@@H]([C@H]([C@H]([C@@H]([C@@H]([C@@H]([C@H]1O)C)O)C)OC(=O)C)C)OC)C)C)O)O)/C","1"
"caspofungin","CCC(C)CC(C)CCCCCCCCC(=O)N[C@H]1C[C@H]([C@@H](NC(=O)[C@@H]2[C@H](CCN2C(=O)[C@@H](NC(=O)[C@@H](NC(=O)[C@@H]3C[C@H](CN3C(=O)[C@@H](NC1=O)[C@@H](C)O)O)[C@@H]([C@H](C4=CC=C(C=C4)O)O)O)[C@@H](CCN)O)O)NCCN)O","1"
"entecavir","C=C1[C@H](C[C@@H]([C@H]1CO)O)N2C=NC3=C2NC(=NC3=O)N","1"
"anidulafungin","CCCCCOC1=CC=C(C=C1)C2=CC=C(C=C2)C3=CC=C(C=C3)C(=O)N[C@H]4C[C@H]([C@H](NC(=O)[C@@H]5[C@H]([C@H](CN5C(=O)[C@@H](NC(=O)[C@@H](NC(=O)[C@@H]6C[C@H](CN6C(=O)[C@@H](NC4=O)[C@@H](C)O)O)[C@@H]([C@H](C7=CC=C(C=C7)O)O)O)[C@@H](C)O)C)O)O)O","1"
"tigecycline","CC(C)(C)NCC(=O)NC1=C(C2=C(C[C@H]3C[C@H]4[C@@H](C(=O)C(=C([C@]4(C(=O)C3=C2O)O)O)C(=O)N)N(C)C)C(=C1)N(C)C)O","1"
"clofarabine","C1=NC2=C(N1[C@H]3[C@H]([C@@H]([C@H](O3)CO)O)F)N=C(N=C2N)Cl","1"
"posaconazole","CC[C@@H]([C@H](C)O)N1C(=O)N(C=N1)C2=CC=C(C=C2)N3CCN(CC3)C4=CC=C(C=C4)OCC5C[C@](OC5)(CN6C=NC=N6)C7=C(C=C(C=C7)F)F","1"
"fluoxymesterone","C[C@]12CCC(=O)C=C1CC[C@@H]3[C@@]2([C@H](C[C@]4([C@H]3CC[C@]4(C)O)C)O)F","1"
"nilotinib","CC1=C(C=C(C=C1)C(=O)NC2=CC(=CC(=C2)N3C=C(N=C3)C)C(F)(F)F)NC4=NC=CC(=N4)C5=CN=CC=C5","1"
"etonogestrel","CCC12CC(=C)C3C(C1CC[C@]2(C#C)O)CCC4=CC(=O)CCC34","1"
"2-nitropropane","Clc1c(N2CCN(CC2)CCCCOc2cc3NC(=O)CCc3cc2)cccc1Cl","0"
"Acarbose","O(CC1CC1)CCc1ccc(OC[C@@H](O)CNC(C)C)cc1","0"
"Acemetacin","O([C@@H](C[N+](C)(C)C)C)C(=O)N","0"
"Acetazolamide","S(=O)(=O)(N)c1sc(NC(=O)C)nn1","0"
"Adapalene","O(c1c([C@]23C[C@@H]4C[C@H](C2)C[C@H](C3)C4)cc(cc1)c1cc2c(cc1)cc(cc2)C(=O)O)C","0"
"Albendazole","ClCC(=O)[C@]1(OC(=O)CC)[C@@]2([C@H]([C@H]3[C@](F)([C@@H](O)C2)[C@@]2(C(=CC(=O)C=C2)CC3)C)C[C@@H]1C)C","0"
"Albuterol","O[C@@H](CNC(C)(C)C)c1cc(c(O)cc1)CO","0"
"Alclometasone","Cl[C@H]1[C@H]2[C@H]3[C@@]([C@](O)([C@@H](C3)C)C(=O)CO)(C[C@H](O)[C@@H]2[C@@]2(C(=CC(=O)C=C2)C1)C)C","0"
"Aldrin","O1[C@]2([C@@]3([C@H]([C@H]4[C@H]([C@@H](O)C3)[C@@]3(C(=CC(=O)C=C3)CC4)C)C[C@H]2OC1(C)C)C)C(=O)CO","0"
"Alfentanil","O(C[C@]1(N(c2ccccc2)C(=O)CC)CCN(CC1)CCn1nnn(c1=O)CC)C","0"
"Alitretinoin","OCCCCCCCCCCCCCCCCCCCCCC","0"
"Allopurinol","O=C1[C@@H](C[C@H]2CCN(CC2)Cc2ccccc2)Cc2c1cc(OC)c(OC)c2","0"
"Almotriptan","S(=O)(=O)(N1CCCC1)Cc1cc2c(CCN(C)C)c[nH]c2cc1","0"
"Alosetron","O=C1N(CCc2n(c3c(c12)cccc3)C)Cc1nc[nH]c1C","0"
"Amantadine","F[C@H]1C[C@H]2[C@H]3[C@@]([C@@]4(OC(O[C@@H]4C3)(C)C)C(=O)CO)(C[C@H](O)[C@@H]2[C@@]2(C1=CC(=O)C=C2)C)C","0"
"Ambenonium","Clc1c(C[N+](CCNC(=O)C(=O)NCC[N+](Cc2c(Cl)cccc2)(CC)CC)(CC)CC)cccc1","0"
"Amcinonide","F[C@@]12[C@H]([C@H]3[C@@]([C@@]4(OC5(O[C@@H]4C3)CCCC5)C(=O)COC(=O)C)(C[C@@H]1O)C)CCC1=CC(=O)C=C[C@]21C","0"
"Amifostine","S(P(=O)(O)O)CCNCCCN","0"
"Amikacin","ClCC(=O)[C@]12OC(O[C@@H]2C[C@@H]2[C@@]1(C[C@H](O)[C@@]1(F)[C@H]2CCC2=CC(=O)CC[C@]12C)C)(C)C","0"
"Amineptine","[N+]([C@H]1c2c(c3c1cccc3)cccc2)(CCCCCC[N+]([C@H]1c2c(c3c1cccc3)cccc2)(C)C)(C)C","0"
"Aminocaproic acid","S1(=O)(=O)NCNc2c1cc(S(=O)(=O)N)c(c2)C(F)(F)F","0"
"Aminohippuric acid","O=C(NCC(=O)O)c1ccc(N)cc1","0"
"Aminolevulinic acid","Ic1c(CNC(=O)C)c(I)c(c(I)c1NC(=O)C)C(=O)O","0"
"Amiodarone","Ic1c([C@H](CCCCCCCCC(=O)OCC)C)cccc1","0"
"Amithiozone","O=C(N)[C@](CC[N+](C(C)C)(C(C)C)C)(c1ccccc1)c1ccccc1","0"
"Amitriptyline ","O(C[C@@H](NC(=O)C)C(=O)NCc1ccccc1)C","0"
"Amlexanox","o1c2c(cc(C(C)C)cc2)c(=O)c2c1nc(N)c(c2)C(=O)O","0"
"Ammonium lactate","O[C@@H](C)C(=O)O","0"
"Amodiaquine","O(c1c2CCCC(=O)c2ccc1)C[C@@H](O)CNC(C)(C)C","0"
"Amonafide","O[C@@H](C[N+](C)(C)C)CC(=O)O","0"
"Amoxicillin","S(P(=S)(OC)OC)[C@@H](CC(=O)OCC)C(=O)OCC","0"
"Amphotericin b","O1[C@@H]2[C@H]3[N+]([C@@H]([C@H]12)C[C@@H](OC(=O)[C@@H](CO)c1ccccc1)C3)(C)C","0"
"Ampicillin","ClC[C@H]1N(S(=O)(=O)c2c(N1)cc(Cl)c(S(=O)(=O)N)c2)C","0"
"Amprenavir","S(=O)(=O)(N(C[C@@H](O)[C@@H](NC(=O)O[C@H]1CCOC1)Cc1ccccc1)CC(C)C)c1ccc(N)cc1","0"
"Amsacrine","Fc1cc2c([C@@H]([C@](OC(=O)COC)(CC2)CCN(CCCc2[nH]c3c(n2)cccc3)C)C(C)C)cc1","0"
"Aniracetam","O=C1N(CCC1)C(=O)c1ccc(OC)cc1","0"
"Anisindione","O=C1[C@@H](C(=O)c2c1cccc2)c1ccc(OC)cc1","0"
"Apomorphine","Oc1c2c3c4[C@H](N(CCc4ccc3)C)Cc2ccc1O","0"
"Apraclonidine","Clc1c(NC2=NCCN2)c(Cl)cc(N)c1","0"
"Aprindine","FC(F)(F)c1cc(N(=O)=O)c(C(=O)C2C(=O)CCCC2=O)cc1","0"
"Arbutamine","O[C@@H](CNCCCCc1ccc(O)cc1)c1cc(O)c(O)cc1","0"
"Argipressin","C1CC(N(C1)C(=O)C2CSSCC(C(=O)NC(C(=O)NC(C(=O)NC(C(=O)NC(C(=O)N2)CC(=O)N)CCC(=O)N)CC3=CC=CC=C3)CC4=CC=C(C=C4)O)N)C(=O)NC(CCCN=C(N)N)C(=O)NCC(=O)N","0"
"Atenolol","O(C[C@@H](O)CNC(C)C)c1ccc(cc1)CC(=O)N","0"
"Atracurium","O(c1cc2[C@H]([N+](CCc2cc1OC)(CCC(=O)OCCCCCOC(=O)CC[N+]1([C@@H](c2c(CC1)cc(OC)c(OC)c2)Cc1cc(OC)c(OC)cc1)C)C)Cc1cc(OC)c(OC)cc1)C","0"
"Atrazine","O=C(N1[C@@H]2[C@H](C[C@H]1C(=O)O)CCCC2)[C@@H](N[C@@H](CCC)C(=O)OCC)C","0"
"Atropine","O([C@H]1C[C@@H]2N([C@@H](CC2)C1)C)C(=O)[C@@H](c1ccccc1)CO","0"
"Azatadine","N1(CCC(=C2c3c(CCc4c2nccc4)cccc3)CC1)C","0"
"Azathioprine","Clc1cc2c(N(CC3CC3)C(=O)CN=C2c2ccccc2)cc1","0"
"Azelastine","Clc1ccc(Cc2nn([C@H]3CCCN(CC3)C)c(=O)c3c2cccc3)cc1","0"
"Azlocillin","S1[C@H]2N([C@H](C1(C)C)C(=O)O)C(=O)[C@H]2NC(=O)[C@H](NC(=O)N1CCNC1=O)c1ccccc1","0"
"Bacampicillin","S1[C@H]2N([C@H](C1(C)C)C(=O)O[C@@H](OC(=O)OCC)C)C(=O)[C@H]2NC(=O)[C@H](N)c1ccccc1","0"
"Bacitracin","S1C(=N[C@@H](C(=O)N[C@@H](CC(C)C)C(=O)N[C@@H](C(=O)N[C@@H]([C@@H](CC)C)C(=O)N[C@H]2CCCCNC(=O)[C@H](NC(=O)[C@H](NC(=O)[C@@H](NC(=O)[C@@H](NC(=O)[C@@H](NC(=O)[C@@H](NC2=O)CCCN)[C@@H](CC)C)Cc2ccccc2)Cc2[nH]cnc2)CC(=O)O)CC(=O)N)CCC(=O)O)C1)[C@@H](N)[C@@H](CC)C","0"
"Baclofen","P(=O)(O)(O)C(P(=O)(O)O)(O)Cc1cccnc1","0"
"Balsalazide","O=C(NCCC(=O)O)c1ccc(N/N=C/2C=C(C(=O)C=C2)C(=O)O)cc1","0"
"Bendamustine","ClCCN(c1cc2nc(n(c2cc1)C)CCCC(=O)O)CCCl","0"
"Benzonatate","O(CCOCCOCCOCCOCCOC)CCOCCOCCOCCOC(=O)c1ccc(NCCCC)cc1","0"
"Benzphetamine","N([C@@H](Cc1ccccc1)C)(Cc1ccccc1)C","0"
"Benzquinamide","O([C@H]1[C@@H](CN2[C@@H](C1)c1c(CC2)cc(OC)c(OC)c1)C(=O)N(CC)CC)C(=O)C","0"
"Benzthiazide","Clc1c(S(=O)(=O)N)cc2S(=O)(=O)N=C(Nc2c1)CSCc1ccccc1","0"
"Beta-carotene","C1(CCCC(=C1/C=C/C(=C/C=C/C(=C/C=C/C=C(/C=C/C=C(/C=C/C1=C(CCCC1(C)C)C)C)C)/C)/C)C)(C)C","0"
"Betaine","OC(=O)C[N+](C)(C)C","0"
"Bimatoprost","ClC(Cl)[C@H]1NS(=O)(=O)c2c(N1)cc(Cl)c(S(=O)(=O)N)c2","0"
"Biperiden","O[C@@]([C@H]1[C@H]2C[C@@H](C1)C=C2)(CCN1CCCCC1)c1ccccc1","0"
"Bitolterol","O[C@@H](CNC(C)(C)C)c1cc(OC(=O)c2ccc(cc2)C)c(OC(=O)c2ccc(cc2)C)cc1","0"
"Bivalirudin","O=C(N1[C@@H](CCC1)C(=O)N[C@@H](CCC(=O)O)C(=O)N[C@@H](CCC(=O)O)C(=O)N[C@@H](Cc1ccc(O)cc1)C(=O)N[C@@H](CC(C)C)C(=O)O)[C@@H](NC(=O)[C@@H](NC(=O)[C@@H](NC(=O)[C@@H](NC(=O)[C@@H](NC(=O)CNC(=O)[C@@H](NC(=O)CNC(=O)CNC(=O)CNC(=O)CNC(=O)[C@H]1N(CCC1)C(=O)[C@@H](NC(=O)[C@H]1N(CCC1)C(=O)[C@H](N)Cc1ccccc1)CCCNC(=N)N)CC(=O)N)CC(=O)O)Cc1ccccc1)CCC(=O)O)CCC(=O)O)[C@H](CC)C","0"
"Brimonidine","Brc1c(NC2=NCCN2)ccc2nccnc12","0"
"Bromocriptine","Brc1[nH]c2c3c(C4=C[C@@H](C(=O)N[C@@]5(O[C@]6(O)N([C@H](C(=O)N7[C@H]6CCC7)CC(C)C)C5=O)C(C)C)CN([C@@H]4Cc13)C)ccc2","0"
"Buclizine","Clc1ccc([C@H](N2CCN(CC2)Cc2ccc(C(C)(C)C)cc2)c2ccccc2)cc1","0"
"Budesonide","O1[C@]2([C@@]3([C@H]([C@H]4[C@H]([C@@H](O)C3)[C@@]3(C(=CC(=O)C=C3)CC4)C)C[C@H]2O[C@H]1CCC)C)C(=O)CO","0"
"Buprenorphine","O1[C@@H]2[C@]34[C@]5(C[C@@H]([C@]2(OC)CC5)[C@](O)(C(C)(C)C)C)[C@H](N(CC3)CC2CC2)Cc2c4c1c(O)cc2","0"
"Buspirone","O=C1N(C(=O)CC2(CCCC2)C1)CCCCN1CCN(CC1)c1ncccn1","0"
"Butenafine","N(Cc1ccc(C(C)(C)C)cc1)(Cc1c2c(ccc1)cccc2)C","0"
"Butoconazole","Clc1c(S[C@@H](CCc2ccc(Cl)cc2)Cn2ccnc2)c(Cl)ccc1","0"
"Butorphanol","O[C@@]12[C@@]3(CCN([C@H]1Cc1c3cc(O)cc1)CC1CCC1)CCCC2","0"
"Caffeine","O=c1n(c(=O)n(c2ncn(c12)C)C)C","0"
"Calcifediol","OC(CCC[C@H]([C@@H]1[C@@]2([C@@H](CC1)/C(=C/C=C1/C[C@@H](O)CCC1=C)/CCC2)C)C)(C)C","0"
"Calcipotriene","O[C@@H](C1CC1)/C=C/[C@H]([C@@H]1[C@@]2([C@@H](CC1)/C(=C/C=C1/C[C@@H](O)C[C@H](O)C1=C)/CCC2)C)C","0"
"Calcitriol","OC(CCC[C@H]([C@@H]1[C@@]2([C@@H](CC1)/C(=C/C=C1/C[C@@H](O)C[C@H](O)C1=C)/CCC2)C)C)(C)C","0"
"Carbachol","O(CC[N+](C)(C)C)C(=O)N","0"
"Carbinoxamine","Clc1ccc([C@H](OCCN(C)C)c2ncccc2)cc1","0"
"Carboprost","O[C@@H]1[C@@H]([C@H]([C@H](O)C1)/C=C/[C@@](O)(CCCCC)C)C/C=CCCCC(=O)O","0"
"Carisoprodol","O(C[C@](CCC)(COC(=O)N)C)C(=O)NC(C)C","0"
"Carteolol","O(C[C@@H](O)CNC(C)(C)C)c1c2CCC(=O)Nc2ccc1","0"
"Cefpodoxime proxetil","S1[C@H]2N(C(=O)[C@H]2NC(=O)/C(=NOC)/c2nc(sc2)N)C(=C(C1)COC)C(=O)O[C@@H](OC(=O)OC(C)C)C","0"
"Ceruletide","S(=O)(=O)(Oc1ccc(C[C@H](N)C(=O)N[C@@H]([C@H](O)C)C(=O)NCC(=O)N[C@@H](Cc2c3c([nH]c2)cccc3)C(=O)N[C@H](CCCC)C(=O)N[C@@H](CC(=O)O)C(=O)N[C@@H](Cc2ccccc2)C(=O)N)cc1)O","0"
"Chloroprocaine","Clc1c(C(=O)OCCN(CC)CC)ccc(N)c1","0"
"Chloroquine","Clc1cc2nccc(N[C@@H](CCCN(CC)CC)C)c2cc1","0"
"Chloroxine","Clc1c2c(nccc2)c(O)c(Cl)c1","0"
"Chlorphenesin","Clc1ccc(OC[C@H](O)CO)cc1","0"
"Chlorpheniramine","Clc1ccc([C@H](CCN(C)C)c2ncccc2)cc1","0"
"Chlorthalidone","Clc1c(S(=O)(=O)N)cc([C@]2(O)NC(=O)c3c2cccc3)cc1","0"
"Cholestyramine","Clc1ccc(C(=O)c2ccc(OC(C(=O)NCCS(=O)(=O)O)(C)C)cc2)cc1","0"
"Ciclesonide","O1[C@]2([C@@]3([C@H]([C@H]4[C@H]([C@@H](O)C3)[C@@]3(C(=CC(=O)C=C3)CC4)C)C[C@H]2O[C@H]1C1CCCCC1)C)C(=O)COC(=O)C(C)C","0"
"Cidofovir","P(=O)(O)(O)CO[C@@H](Cn1ccc(nc1=O)N)CO","0"
"Cilostazol","O(CCCCc1n(nnn1)C1CCCCC1)c1cc2CCC(=O)Nc2cc1","0"
"Cinacalcet","FC(F)(F)c1cc(CCCN[C@@H](c2c3c(ccc2)cccc3)C)ccc1","0"
"Clemastine","Clc1ccc([C@](OCC[C@@H]2N(CCC2)C)(c2ccccc2)C)cc1","0"
"Clevidipine","Clc1c([C@H]2C(=C(NC(=C2C(=O)OC)C)C)C(=O)OCOC(=O)CCC)cccc1Cl","0"
"Clidinium","O([C@H]1[C@@H]2CC[N@+](C1)(CC2)C)C(=O)[C@](O)(c1ccccc1)c1ccccc1","0"
"Clocortolone","Cl[C@@]12[C@H]([C@H]3[C@@]([C@H]([C@@H](C3)C)C(=O)CO)(C[C@@H]1O)C)C[C@H](F)C1=CC(=O)C=C[C@]21C","0"
"Colistimethate sodium","S(=O)(=O)(O)CNCC[C@H]1NC(=O)[C@@H](NC(=O)[C@H](NC(=O)[C@H](NC(=O)[C@@H](NC(=O)CCCC[C@@H](CC)C)CCNCS(=O)(=O)O)[C@H](O)C)CCNCS(=O)(=O)O)CCNC(=O)[C@@H](NC(=O)[C@@H](NC(=O)[C@@H](NC(=O)[C@@H](NC(=O)[C@@H](NC1=O)CC(C)C)CC(C)C)CCNCS(=O)(=O)O)CCNCS(=O)(=O)O)[C@H](O)C","0"
"Conivaptan","O=C(N1CCc2[nH]c(nc2c2c1cccc2)C)c1ccc(NC(=O)c2c(c3ccccc3)cccc2)cc1","0"
"Corticotropin","S(CC[C@H](NC(=O)[C@@H](NC(=O)[C@@H](NC(=O)[C@@H](N)CO)Cc1ccc(O)cc1)CO)C(=O)N[C@H](C(=O)N[C@H](C(=O)N[C@H](C(=O)N[C@H](C(=O)N[C@H](C(=O)NCC(=O)N[C@H](C(=O)N1[C@@H](CCC1)C(=O)N[C@@H](C(C)C)C(=O)NCC(=O)N[C@H](C(=O)N[C@H](C(=O)N[C@H](C(=O)N[C@H](C(=O)N1[C@@H](CCC1)C(=O)N[C@@H](C(C)C)C(=O)N[C@@H](CCCCN)C(=O)N[C@@H](C(C)C)C(=O)N[C@H](C(=O)N1[C@@H](CCC1)C(=O)N[C@@H](CC(=O)N)C(=O)NCC(=O)N[C@@H](C)C(=O)N[C@@H](CCC(=O)O)C(=O)N[C@H](C(=O)N[C@H](C(=O)N[C@H](C(=O)N[C@H](C(=O)N[C@H](C(=O)N[C@H](C(=O)N[C@H](C(=O)N1[C@@H](CCC1)C(=O)N[C@@H](CC(C)C)C(=O)N[C@@H](CCC(=O)O)C(=O)N[C@@H](Cc1ccccc1)C(=O)O)Cc1ccccc1)C)CCC(=O)O)C)CO)CCC(=O)O)CC(=O)O)Cc1ccc(O)cc1)CCCNC(=N)N)CCCNC(=N)N)CCCCN)CCCCN)CCCCN)Cc1c2c([nH]c1)cccc2)CCCNC(=N)N)Cc1ccccc1)Cc1[nH]cnc1)CCC(=O)O)C","0"
"Cosyntropin","S(CC[C@H](NC(=O)[C@@H](NC(=O)[C@@H](NC(=O)[C@H](N)CO)Cc1ccc(O)cc1)CO)C(=O)N[C@H](C(=O)N[C@H](C(=O)N[C@H](C(=O)N[C@H](C(=O)N[C@H](C(=O)NCC(=O)N[C@H](C(=O)N1[C@@H](CCC1)C(=O)N[C@@H](C(C)C)C(=O)NCC(=O)N[C@@H](C(=O)N[C@@H](C(=O)N[C@@H](C(=O)N[C@@H](C(=O)N1[C@@H](CCC1)C(=O)N[C@@H](C(C)C)C(=O)N[C@@H](CCCCN)C(=O)N[C@@H](C(C)C)C(=O)N[C@H](C(=O)N1[C@@H](CCC1)C(=O)O)Cc1ccc(O)cc1)CCCNC(=N)N)CCCNC(=N)N)CCCCN)CCCCN)CCCCN)Cc1c2c([nH]c1)cccc2)CCCNC(=N)N)Cc1ccccc1)Cc1nc[nH]c1)CCC(=O)O)C","0"
"Cromolyn","O(C[C@H](O)COc1c2c(oc(cc2=O)C(=O)O)ccc1)c1c2c(oc(cc2=O)C(=O)O)ccc1","0"
"Crotamiton","O=C(N(c1c(cccc1)C)CC)/C=C/C","0"
"Cyanocobalamin","P(=O)(O[C@H]1[C@@H](O)[C@H](O[C@@H]1CO)n1cnc2c1cc(c(c2)C)C)(O[C@@H](CNC(=O)CC[C@]1(/C/2=C(/C3=N/C(=CC4=N/C(=C(C5=N[C@](C(=N2)[C@@H]1CC(=O)N)([C@@]([C@@H]5CCC(=O)N)(CC(=O)N)C)C)/C)/[C@@]([C@H]4CCC(=O)N)(CC(=O)N)C)/C([C@H]3CCC(=O)N)(C)C)C)C)C)O","0"
"Cyclacillin","S1[C@H]2N([C@H](C1(C)C)C(=O)O)C(=O)[C@H]2NC(=O)C1(N)CCCCC1","0"
"Cyclopentolate","OC1(CCCC1)[C@@H](c1ccccc1)C(=O)OCCN(C)C","0"
"Cyclothiazide","Clc1cc2N[C@H](NS(=O)(=O)c2cc1S(=O)(=O)N)[C@H]1[C@H]2C[C@@H](C1)C=C2","0"
"Dapiprazole","N1(CCN(CC1)c1c(cccc1)C)CCc1n2CCCCc2nn1","0"
"Darifenacin","O=C(N)[C@]([C@@H]1CCN(C1)CCc1cc2c(OCC2)cc1)(c1ccccc1)c1ccccc1","0"
"Demecarium","O(c1cc([N+](C)(C)C)ccc1)C(=O)N(CCCCCCCCCCN(C(=O)Oc1cc([N+](C)(C)C)ccc1)C)C","0"
"Deserpidine","O([C@@H]1[C@H]([C@@H]2[C@@H](CN3[C@H](C2)c2[nH]c4c(c2CC3)cccc4)C[C@H]1OC(=O)c1cc(OC)c(OC)c(OC)c1)C(=O)OC)C","0"
"Deslanoside","O[C@@]12[C@H]3[C@@H]([C@@]4([C@H](CC3)C[C@@H](O[C@@H]3O[C@@H]([C@@H](O[C@@H]5O[C@@H]([C@@H](O[C@@H]6O[C@@H]([C@@H](O[C@@H]7O[C@@H]([C@@H](O)[C@H](O)[C@H]7O)CO)[C@@H](O)C6)C)[C@@H](O)C5)C)[C@@H](O)C3)C)CC4)C)C[C@@H](O)[C@@]1([C@H](CC2)C1=CC(=O)OC1)C","0"
"Desmopressin","S1SCCC(=O)N[C@@H](C(=O)N[C@@H](C(=O)N[C@@H](C(=O)N[C@@H](C(=O)N[C@@H](C(=O)N2[C@@H](CCC2)C(=O)N[C@@H](CCCN=C(N)N)C(=O)NCC(=O)N)C1)CC(=O)N)CCC(=O)N)Cc1ccccc1)Cc1ccc(O)cc1","0"
"Desvenlafaxine","OC1([C@@H](CN(C)C)c2ccc(O)cc2)CCCCC1","0"
"Dexmedetomidine","[nH]1c([C@@H](c2c(c(ccc2)C)C)C)cnc1","0"
"Dextromethorphan","O(c1cc2[C@@]34[C@@H]([C@H](N(CC3)C)Cc2cc1)CCCC4)C","0"
"Dextrose","O1[C@@H]([C@@H](O)[C@H](O)[C@H](O)[C@@H]1O)CO","0"
"Dextrothyroxine","Ic1cc(C[C@@H](N)C(=O)O)cc(I)c1Oc1cc(I)c(O)c(I)c1","0"
"Dezocine","Oc1cc2[C@@]3([C@H](N)[C@H](Cc2cc1)CCCCC3)C","0"
"Diatrizoate","Ic1c(NC(=O)C)c(I)c(c(I)c1NC(=O)C)C(=O)O","0"
"Dibucaine","O(c1nc2c(c(C(=O)NCCN(CC)CC)c1)cccc2)CCCC","0"
"Dicumarol","o1c(O)c(Cc2c(=O)c3c(oc2O)cccc3)c(=O)c2c1cccc2","0"
"Dicyclomine","O(C(=O)C1(C2CCCCC2)CCCCC1)CCN(CC)CC","0"
"Dienestrol","Oc1ccc(/C(=CC)/C(=C/C)/c2ccc(O)cc2)cc1","0"
"Diethylcarbamazine","O=C(N1CCN(CC1)C)N(CC)CC","0"
"Diethylpropion","O=C([C@H](N(CC)CC)C)c1ccccc1","0"
"Diflorasone","F[C@@]12[C@H]([C@H]3[C@@]([C@](O)([C@H](C3)C)C(=O)CO)(C[C@@H]1O)C)C[C@H](F)C1=CC(=O)C=C[C@]21C","0"
"Digitoxin","O[C@@]12[C@H]3[C@@H]([C@@]4([C@H](CC3)C[C@@H](O[C@@H]3O[C@@H]([C@@H](O[C@@H]5O[C@@H]([C@@H](O[C@@H]6O[C@@H]([C@@H](O)[C@@H](O)C6)C)[C@@H](O)C5)C)[C@@H](O)C3)C)CC4)C)CC[C@@]1([C@H](CC2)C1=CC(=O)OC1)C","0"
"Dihydroergotamine","O1[C@]2(O)N([C@H](C(=O)N3[C@H]2CCC3)Cc2ccccc2)C(=O)[C@@]1(NC(=O)[C@@H]1C[C@H]2[C@H](N(C1)C)Cc1c3c2cccc3[nH]c1)C","0"
"Dimercaprol","S[C@@H](CS)CO","0"
"Dinoprost","O[C@@H]1[C@@H]([C@H]([C@H](O)C1)/C=C/[C@@H](O)CCCCC)C/C=CCCCC(=O)O","0"
"Diphenhydramine","O([C@@H](c1ccccc1)c1ccccc1)CCN(C)C","0"
"Diphenidol","O[C@@](CCCN1CCCCC1)(c1ccccc1)c1ccccc1","0"
"Dipivefrin","O(C(=O)C(C)(C)C)c1c(OC(=O)C(C)(C)C)ccc([C@H](O)CNC)c1","0"
"Dipyridamole","OCCN(c1nc(N2CCCCC2)c2nc(nc(N3CCCCC3)c2n1)N(CCO)CCO)CCO","0"
"Dobutamine","Oc1cc(CCN[C@@H](CCc2ccc(O)cc2)C)ccc1O","0"
"Dofetilide","S(=O)(=O)(Nc1ccc(CCN(CCOc2ccc(NS(=O)(=O)C)cc2)C)cc1)C","0"
"Dorzolamide","S1(=O)(=O)[C@@H](C[C@@H](NCC)c2c1sc(S(=O)(=O)N)c2)C","0"
"Doxacurium","O(c1c2[C@H]([N+](CCc2cc(OC)c1OC)(CCCOC(=O)CCC(=O)OCCC[N+]1([C@@H](c2c(CC1)cc(OC)c(OC)c2OC)Cc1cc(OC)c(OC)c(OC)c1)C)C)Cc1cc(OC)c(OC)c(OC)c1)C","0"
"Doxercalciferol","O[C@@H]1C/C(=C/C=C2/[C@H]3[C@@]([C@H](CC3)[C@H](C)/C=C/[C@@H](C(C)C)C)(CCC2)C)/C(=C)[C@@H](O)C1","0"
"Doxylamine","O([C@@](c1ccccc1)(c1ncccc1)C)CCN(C)C","0"
"Dronabinol","O1C([C@H]2[C@H](c3c1cc(cc3O)CCCCC)C=C(CC2)C)(C)C","0"
"Droperidol","Fc1ccc(C(=O)CCCN2CCC(=CC2)n2c3c([nH]c2=O)cccc3)cc1","0"
"Dyclonine","O=C(CCN1CCCCC1)c1ccc(OCCCC)cc1","0"
"Dyphylline","O[C@@H](Cn1c2c(n(c(=O)n(c2=O)C)C)nc1)CO","0"
"Echothiophate","S(P(=O)(OCC)OCC)CC[N+](C)(C)C","0"
"Edetate disodium","OC(=O)CN(CCN(CC(=O)O)CC(=O)O)CC(=O)O","0"
"Eflornithine","FC(F)[C@@](N)(CCCN)C(=O)O","0"
"Eletriptan","S(=O)(=O)(CCc1cc2c(C[C@@H]3N(CCC3)C)c[nH]c2cc1)c1ccccc1","0"
"Epinastine","N12[C@@H](c3c(Cc4c1cccc4)cccc3)CN=C2N","0"
"Epinephrine","O[C@H](c1cc(O)c(O)cc1)CNC","0"
"Epoprostenol","O1[C@H]2[C@H]([C@H]([C@H](O)C2)/C=C/[C@@H](O)CCCCC)C/C/1=C/CCCC(=O)O","0"
"Eprosartan","s1c(C/C(=Cc2n(c(nc2)CCCC)Cc2ccc(cc2)C(=O)O)/C(=O)O)ccc1","0"
"Eptifibatide","S1SCCC(=O)N[C@@H](CCCCN=C(N)N)C(=O)NCC(=O)N[C@H](C(=O)N[C@H](C(=O)N2[C@@H](CCC2)C(=O)N[C@@H](C1)C(=O)N)Cc1c2c([nH]c1)cccc2)CC(=O)O","0"
"Ergoloid mesylates","O1[C@@]2(O)N([C@@H](C(CC)(C)C)C(=O)N3[C@@H]2CCC3)C(=O)[C@@]1(NC(=O)[C@H]1C[C@@H]2[C@@H](N(C1)C)Cc1c3c2cccc3[nH]c1)C(C)C","0"
"Ergotamine","O1[C@]2(O)N([C@H](C(=O)N3[C@H]2CCC3)Cc2ccccc2)C(=O)[C@@]1(NC(=O)[C@H]1CN([C@H]2C(=C1)c1c3c(C2)c[nH]c3ccc1)C)C","0"
"Esmolol","O(C[C@@H](O)CNC(C)C)c1ccc(CCC(=O)OC)cc1","0"
"Estazolam","Clc1cc2c(n3c(nnc3)CN=C2c2ccccc2)cc1","0"
"Eszopiclone","Clc1ccc(N2[C@@H](OC(=O)N3CCN(CC3)C)c3nccnc3C2=O)nc1","0"
"Ethinamate","O(C1(CCCCC1)C#C)C(=O)N","0"
"Ethosuximide","O=C1NC(=O)C[C@]1(CC)C","0"
"Etidocaine","O=C(Nc1c(cccc1C)C)[C@@H](N(CCC)CC)CC","0"
"Etidronate","P(=O)(O)(O)C(P(=O)(O)O)(O)C","0"
"Etomidate","O(C(=O)c1n([C@@H](c2ccccc2)C)cnc1)CC","0"
"Exemestane","O=C1[C@@]2([C@H]([C@H]3[C@H](CC2)[C@@]2(C(=CC(=O)C=C2)C(=C)C3)C)CC1)C","0"
"Felodipine","Clc1c([C@H]2C(=C(NC(=C2C(=O)OC)C)C)C(=O)OCC)cccc1Cl","0"
"Fentanyl","O=C(N([C@H]1CCN(CC1)CCc1ccccc1)c1ccccc1)CC","0"
"Fesoterodine","O(c1c([C@H](CCN(C(C)C)C(C)C)c2ccccc2)cc(cc1)CO)C(=O)C(C)C","0"
"Finasteride","O=C(NC(C)(C)C)[C@@H]1[C@@]2([C@H]([C@H]3[C@@H]([C@@]4([C@H](NC(=O)C=C4)CC3)C)CC2)CC1)C","0"
"Flavoxate","O(CCN1CCCCC1)C(=O)c1c2oc(c(c(=O)c2ccc1)C)c1ccccc1","0"
"Flecainide","FC(F)(F)COc1c(C(=O)NC[C@H]2NCCCC2)cc(OCC(F)(F)F)cc1","0"
"Flumazenil","Fc1cc2c(n3c(CN(C2=O)C)c(nc3)C(=O)OCC)cc1","0"
"Flumethasone","F[C@@]12[C@H]([C@H]3[C@@]([C@](O)([C@@H](C3)C)C(=O)CO)(C[C@@H]1O)C)C[C@H](F)C1=CC(=O)C=C[C@]21C","0"
"Flunarizine","Fc1ccc([C@H](N2CCN(CC2)C/C=C/c2ccccc2)c2ccc(F)cc2)cc1","0"
"Fluocinolone","F[C@@]12[C@H]([C@H]3[C@@]([C@@]4(OC(O[C@@H]4C3)(C)C)C(=O)CO)(C[C@@H]1O)C)C[C@H](F)C1=CC(=O)C=C[C@]21C","0"
"Fluocinonide","F[C@@]12[C@H]([C@H]3[C@@]([C@@]4(OC(O[C@@H]4C3)(C)C)C(=O)COC(=O)C)(C[C@@H]1O)C)C[C@H](F)C1=CC(=O)C=C[C@]21C","0"
"Fluorometholone","F[C@@]12[C@H]([C@H]3[C@@]([C@](O)(CC3)C(=O)C)(C[C@@H]1O)C)C[C@@H](C1=CC(=O)C=C[C@]21C)C","0"
"Flurandrenolide","F[C@H]1C[C@H]2[C@H]3[C@@]([C@@]4(OC(O[C@@H]4C3)(C)C)C(=O)CO)(C[C@H](O)[C@@H]2[C@@]2(C1=CC(=O)CC2)C)C","0"
"Fluticasone","S(C(=O)[C@]1(O)[C@@]2([C@H]([C@H]3[C@](F)([C@@H](O)C2)[C@@]2(C(=CC(=O)C=C2)[C@@H](F)C3)C)C[C@H]1C)C)CF","0"
"Folic acid","OC(=O)[C@@H](NC(=O)c1ccc(NCc2nc3c([nH]c(nc3=O)N)nc2)cc1)CCC(=O)O","0"
"Formestane","O=C1[C@@]2([C@H]([C@H]3[C@@H]([C@@]4(C(=C(O)C(=O)CC4)CC3)C)CC2)CC1)C","0"
"Fosphenytoin","P(=O)(OCN1C(=O)[C@](NC1=O)(c1ccccc1)c1ccccc1)(O)O","0"
"Fospropofol","P(=O)(OCOc1c(C(C)C)cccc1C(C)C)(O)O","0"
"Frovatriptan","O=C(N)c1cc2c3C[C@H](NC)CCc3[nH]c2cc1","0"
"Fulvestrant","[S@](=O)(CCCCCCCCC[C@H]1[C@H]2[C@H]3[C@](CC[C@@H]2c2c(C1)cc(O)cc2)([C@@H](O)CC3)C)CCCC(F)(F)C(F)(F)F","0"
"Gadodiamide","OC(=O)CN(CCN(CC(=O)NC)CC(=O)O)CCN(CC(=O)NC)CC(=O)O","0"
"Gadoversetamide","OC(=O)CN(CCN(CC(=O)NCCOC)CC(=O)O)CCN(CC(=O)NCCOC)CC(=O)O","0"
"Gallamine","O(CC[N+](CC)(CC)CC)c1c(OCC[N+](CC)(CC)CC)cccc1OCC[N+](CC)(CC)CC","0"
"Gamma hydroxybutyrate","OCCCC(=O)O","0"
"Ganirelix","Clc1ccc(C[C@H](NC(=O)[C@H](NC(=O)C)Cc2cc3c(cc2)cccc3)C(=O)N[C@H](C(=O)N[C@@H](C(=O)N[C@@H](C(=O)N[C@@H](C(=O)N[C@H](C(=O)N[C@H](C(=O)N2[C@@H](CCC2)C(=O)N[C@H](C)C(=O)N)CCCCN=C(NCC)NCC)CC(C)C)CCCCN=C(NCC)NCC)Cc2ccc(O)cc2)CO)Cc2cccnc2)cc1","0"
"Gentamicin","O([C@@H]1[C@@H](O)[C@H](O[C@H]2O[C@@H](CC[C@H]2N)CN)[C@@H](N)C[C@H]1N)[C@H]1OC[C@](O)([C@H](NC)[C@H]1O)C","0"
"Glutethimide","O=C1NC(=O)CC[C@@]1(CC)c1ccccc1","0"
"Glycopyrrolate","O([C@H]1C[N+](CC1)(C)C)C(=O)[C@@](O)(C1CCCC1)c1ccccc1","0"
"Gonadorelin","O=C(N1[C@@H](CCC1)C(=O)NCC(=O)N)[C@H](NC(=O)[C@H](NC(=O)CNC(=O)[C@H](NC(=O)[C@H](NC(=O)[C@@H](NC(=O)[C@@H](NC(=O)[C@H]1NC(=O)CC1)Cc1[nH]cnc1)Cc1c2c([nH]c1)cccc2)CO)Cc1ccc(O)cc1)CC(C)C)CCCN=C(N)N","0"
"Goserelin","O=C(N1[C@@H](CCC1)C(=O)NNC(=O)N)[C@H](NC(=O)[C@H](NC(=O)[C@H](NC(=O)[C@H](NC(=O)[C@H](NC(=O)[C@@H](NC(=O)[C@@H](NC(=O)[C@H]1NC(=O)CC1)Cc1[nH]cnc1)Cc1c2c([nH]c1)cccc2)CO)Cc1ccc(O)cc1)COC(C)(C)C)CC(C)C)CCCN=C(N)N","0"
"Guaifenesin","O(C[C@H](O)CO)c1c(OC)cccc1","0"
"Guanadrel","O1C2(OC[C@H]1CN=C(N)N)CCCCC2","0"
"Gusperimus","O[C@H](NC(=O)CCCCCCN=C(N)N)C(=O)NCCCCNCCCN","0"
"Halazepam","Clc1cc2c(N(CC(F)(F)F)C(=O)CN=C2c2ccccc2)cc1","0"
"Halobetasol","ClCC(=O)[C@]1(OC(=O)CC)[C@]2([C@@H]([C@H]3[C@](F)([C@H](O)C2)[C@@]2(C(=CC(=O)C=C2)[C@@H](F)C3)C)C[C@@H]1C)C","0"
"Hetastarch","CC1C(C(C(C(O1)CO)OC2C(C(C(C(O2)COC3C(C(C(C(O3)CO)OC)O)O)OC4C(C(C(C(O4)CO)OC)O)OCCO)O)O)O)O","0"
"Hexachlorophene","Clc1c(Cc2c(O)c(Cl)cc(Cl)c2Cl)c(O)c(Cl)cc1Cl","0"
"Histamine","[nH]1c(CCN)cnc1","0"
"Homatropine","O([C@H]1C[C@@H]2N([C@@H](CC2)C1)C)C(=O)[C@H](O)c1ccccc1","0"
"Hyaluronidase","o1c(CNc2ncnc3nc[nH]c23)ccc1","0"
"Hydromorphone","O1[C@@H]2[C@]34[C@H]([C@H](N(CC3)C)Cc3c4c1c(O)cc3)CCC2=O","0"
"Hydroxocobalamin","P(=O)(O[C@@H](CNC(=O)CC[C@@]1([C@H]([C@H]2[N-]/C/1=C(C1=N/C(=CC3=N/C(=C(C4=N[C@@]2([C@]([C@@H]4CCC(=O)N)(CC(=O)N)C)C)/C)/[C@]([C@@H]3CCC(=O)N)(CC(=O)N)C)/C([C@@H]1CCC(=O)N)(C)C)/C)CC(=O)N)C)C)(O[C@H]1[C@@H](O)[C@H](O[C@@H]1CO)n1c2c(nc1)cc(c(c2)C)C)O","0"
"Hydroxychloroquine","Clc1cc2nccc(N[C@@H](CCCN(CCO)CC)C)c2cc1","0"
"Hydroxyzine","Clc1ccc([C@H](N2CCN(CC2)CCOCCO)c2ccccc2)cc1","0"
"Indocyanine green","S(=O)(=O)(O)CCCC[N+]1=C(C(c2c1ccc1c2cccc1)(C)C)/C=C/C=C/C=C/C=C/1N(c2c(C1(C)C)c1c(cc2)cccc1)CCCCS(=O)(=O)O","0"
"Iobitridol","Ic1c(C(=O)N(C[C@H](O)CO)C)c(I)c(NC(=O)C(CO)CO)c(I)c1C(=O)N(C[C@H](O)CO)C","0"
"Iocetamic acid","Ic1c(N(C[C@@H](C)C(=O)O)C(=O)C)c(I)cc(I)c1N","0"
"Iodixanol","Ic1c(N(C[C@H](O)CN(c2c(I)c(c(I)c(c2I)C(=O)NC[C@H](O)CO)C(=O)NC[C@H](O)CO)C(=O)C)C(=O)C)c(I)c(c(I)c1C(=O)NC[C@H](O)CO)C(=O)NC[C@H](O)CO","0"
"Iohexol","Ic1c(N(C[C@H](O)CO)C(=O)C)c(I)c(c(I)c1C(=O)NC[C@H](O)CO)C(=O)NC[C@H](O)CO","0"
"Iopamidol","Ic1c(c(I)c(NC(=O)[C@@H](O)C)c(I)c1C(=O)NC(CO)CO)C(=O)NC(CO)CO","0"
"Iopanoic acid","Ic1c(C[C@@H](CC)C(=O)O)c(I)cc(I)c1N","0"
"Iotrolan","Ic1c(C(=O)N[C@@H]([C@H](O)CO)CO)c(I)c(N(C(=O)CC(=O)N(c2c(I)c(C(=O)N[C@@H]([C@H](O)CO)CO)c(I)c(C(=O)N[C@@H]([C@H](O)CO)CO)c2I)C)C)c(I)c1C(=O)N[C@@H]([C@H](O)CO)CO","0"
"Ioversol","Ic1c(N(CCO)C(=O)CO)c(I)c(c(I)c1C(=O)NC[C@H](O)CO)C(=O)NC[C@H](O)CO","0"
"Ioxilan","Ic1c(N(C[C@H](O)CO)C(=O)C)c(I)c(c(I)c1C(=O)NC[C@H](O)CO)C(=O)NCCO","0"
"Ipodate","Ic1c(CCC(=O)O)c(I)cc(I)c1/N=C/N(C)C","0"
"Isoetharine","O[C@@H]([C@H](NC(C)C)CC)c1cc(O)c(O)cc1","0"
"Isoflurophate","P(=O)(F)(OC(C)C)OC(C)C","0"
"Isosorbide dinitrate","O1[C@H]2[C@H](OC[C@H]2ON(=O)=O)[C@@H](ON(=O)=O)C1","0"
"Ixabepilone","s1cc(nc1C)/C=C(/[C@H]1NC(=O)C[C@H](O)C(C(=O)[C@@H]([C@@H](O)[C@H](CCC[C@]2(O[C@H]2C1)C)C)C)(C)C)C","0"
"Kanamycin","O([C@@H]1[C@@H](O)[C@H](O[C@H]2O[C@@H]([C@@H](O)[C@H](O)[C@H]2O)CN)[C@@H](N)C[C@H]1N)[C@H]1O[C@@H]([C@@H](O)[C@H](N)[C@H]1O)CO","0"
"Ketamine","Clc1c([C@]2(NC)CCCCC2=O)cccc1","0"
"Ketotifen","s1c2c(C(=C3CCN(CC3)C)c3c(CC2=O)cccc3)cc1","0"
"Lanreotide","S1SC[C@@H](NC(=O)[C@H](N)Cc2cc3c(cc2)cccc3)C(=O)N[C@@H](C(=O)N[C@@H](Cc2c3c([nH]c2)cccc3)C(=O)N[C@@H](CCCCN)C(=O)N[C@@H](C(C)C)C(=O)N[C@@H](C1)C(=O)N[C@@H]([C@H](O)C)C(=O)N)Cc1ccc(O)cc1","0"
"Latanoprost","O[C@H]1[C@@H]([C@H]([C@@H](O)C1)C/C=CCCCC(=O)OC(C)C)CC[C@@H](O)CCc1ccccc1","0"
"Leucovorin","O=c1nc([nH]c2NC[C@H](N(c12)C=O)CNc1ccc(cc1)C(=O)N[C@H](CCC(=O)O)C(=O)O)N","0"
"Levoleucovorin","O=c1nc([nH]c2NC[C@@H](N(c12)C=O)CNc1ccc(cc1)C(=O)N[C@@H](CCC(=O)O)C(=O)O)N","0"
"Levorphanol","Oc1cc2[C@]34[C@H]([C@@H](N(CC3)C)Cc2cc1)CCCC4","0"
"Lindane","Cl[C@H]1[C@H](Cl)[C@H](Cl)[C@H](Cl)[C@@H](Cl)[C@H]1Cl","0"
"Lisdexamfetamine","O=C(N[C@H](Cc1ccccc1)C)[C@@H](N)CCCCN","0"
"Lodoxamide","Clc1c(NC(=O)C(=O)O)cc(cc1NC(=O)C(=O)O)C#N","0"
"Lomefloxacin","Fc1c(N2C[C@H](NCC2)C)c(F)cc2c1n(CC)cc(c2=O)C(=O)O","0"
"Lomustine","ClCCN(N=O)C(=O)NC1CCCCC1","0"
"Loperamide","Clc1ccc([C@]2(O)CCN(CC2)CC[C@@](c2ccccc2)(c2ccccc2)C(=O)N(C)C)cc1","0"
"Loteprednol","ClCOC(=O)[C@]1(O)[C@@]2([C@H]([C@H]3[C@H]([C@@H](O)C2)[C@@]2(C(=CC(=O)C=C2)CC3)C)CC1)C","0"
"Lubiprostone","FC(F)([C@@]1(O[C@H]2[C@@H]([C@H](C(=O)C2)CCCCCCC(=O)O)CC1)O)CCCC","0"
"Lypressin","S1SC[C@H](N)C(=O)N[C@@H](C(=O)N[C@@H](C(=O)N[C@@H](C(=O)N[C@@H](C(=O)N[C@@H](C(=O)N2[C@@H](CCC2)C(=O)N[C@@H](CCCCN)C(=O)NCC(=O)N)C1)CC(=O)N)CCC(=O)N)Cc1ccccc1)Cc1ccc(O)cc1","0"
"Mafenide","S(=O)(=O)(N)c1ccc(cc1)CN","0"
"Mannitol","O[C@@H]([C@H](O)[C@H](O)CO)[C@H](O)CO","0"
"Mazindol","Clc1ccc([C@]2(O)N3C(=NCC3)c3c2cccc3)cc1","0"
"Mecamylamine","N([C@]1(C([C@H]2C[C@@H]1CC2)(C)C)C)C","0"
"Mechlorethamine","ClCCC(N)CCCl","0"
"Meclizine","Clc1ccc([C@H](N2CCN(CC2)Cc2cc(ccc2)C)c2ccccc2)cc1","0"
"Medrysone","O[C@@H]1[C@H]2[C@H]([C@H]3[C@](C1)([C@H](CC3)C(=O)C)C)C[C@@H](C1=CC(=O)CC[C@]21C)C","0"
"Mepenzolate","O([C@H]1C[N+](CCC1)(C)C)C(=O)[C@](O)(c1ccccc1)c1ccccc1","0"
"Meperidine","O(C(=O)C1(CCN(CC1)C)c1ccccc1)CC","0"
"Mephentermine","N(C(Cc1ccccc1)(C)C)C","0"
"Mepivacaine","O=C(Nc1c(cccc1C)C)[C@H]1N(CCCC1)C","0"
"Meprobamate","O(CC(CCC)(COC(=O)N)C)C(=O)N","0"
"Mesna","S(=O)(=O)(O)CCS","0"
"Mesoridazine","S1c2c(N(CC[C@H]3N(CCCC3)C)c3c1cccc3)cc([S@](=O)C)cc2","0"
"Metaproterenol","O[C@@H](CNC(C)C)c1cc(O)cc(O)c1","0"
"Metaraminol","O[C@@H]([C@@H](N)C)c1cc(O)ccc1","0"
"Methacholine","O([C@@H](C[N+](C)(C)C)C)C(=O)C","0"
"Methamphetamine","N([C@H](Cc1ccccc1)C)C","0"
"Methantheline","O(CC[N+](CC)(CC)C)C(=O)[C@H]1c2c(Oc3c1cccc3)cccc2","0"
"Methazolamide","S(=O)(=O)(N)c1s/c(=NC(=O)C)/n(n1)C","0"
"Methocarbamol","O(C[C@H](O)COC(=O)N)c1c(OC)cccc1","0"
"Methotrimeprazine","S1c2c(N(C[C@@H](CN(C)C)C)c3c1cccc3)cc(OC)cc2","0"
"Methsuximide","O=C1N(C(=O)C[C@@]1(c1ccccc1)C)C","0"
"Methylergonovine","O=C(N[C@@H](CC)CO)[C@H]1CN([C@H]2C(=C1)c1c3c(C2)c[nH]c3ccc1)C","0"
"Methylnaltrexone","O[C@@]12[C@]34CC[N+]([C@@H]1Cc1c4c(O[C@H]3C(=O)CC2)c(O)cc1)(CC1CC1)C","0"
"Metipranolol","O(C[C@@H](O)CNC(C)C)c1c(c(c(OC(=O)C)c(c1)C)C)C","0"
"Metocurine","O1c2c3[C@H]([N+](CCc3cc(OC)c2OC)(C)C)Cc2cc(Oc3cc4[C@@H]([N+](CCc4cc3OC)(C)C)Cc3ccc1cc3)c(OC)cc2","0"
"Metyrapone","O=C(C(c1cccnc1)(C)C)c1cccnc1","0"
"Metyrosine","OC(=O)[C@@](N)(Cc1ccc(O)cc1)C","0"
"Midazolam","Clc1cc2c(n3c(CN=C2c2c(F)cccc2)cnc3C)cc1","0"
"Midodrine","O[C@@H](c1c(OC)ccc(OC)c1)CNC(=O)CN","0"
"Mifepristone","O[C@@]1([C@@]2([C@H]([C@H]3C(=C4C(=CC(=O)CC4)CC3)[C@H](C2)c2ccc(N(C)C)cc2)CC1)C)C#CC","0"
"Miglitol","O[C@@H]1[C@H](N(C[C@H](O)[C@H]1O)CCO)CO","0"
"Miglustat","O[C@@H]1[C@H](N(C[C@H](O)[C@H]1O)CCCC)CO","0"
"Miokamycin","O([C@H]1[C@H](N(C)C)[C@@H](O)[C@@H](O[C@@H]1C)O[C@H]1[C@H](C[C@H]([C@@H](OC(=O)C)/C=C/C=C/C[C@H](OC(=O)C[C@@H](OC(=O)CC)[C@@H]1OC)C)C)CC=O)[C@@H]1O[C@H]([C@H](OC(=O)CC)[C@](OC(=O)C)(C1)C)C","0"
"Mitotane","ClC(Cl)[C@@H](c1ccc(Cl)cc1)c1c(Cl)cccc1","0"
"Mivacurium","O(CCC[N+]1([C@@H](c2c(CC1)cc(OC)c(OC)c2)Cc1cc(OC)c(OC)c(OC)c1)C)C(=O)CC/C=C/CCC(=O)OCCC[N+]1([C@@H](c2c(CC1)cc(OC)c(OC)c2)Cc1cc(OC)c(OC)c(OC)c1)C","0"
"Mometasone","Cl[C@@]12[C@H]([C@H]3[C@@]([C@](O)([C@@H](C3)C)C(=O)CCl)(C[C@@H]1O)C)CCC1=CC(=O)C=C[C@]21C","0"
"Monobenzone","O(Cc1ccccc1)c1ccc(O)cc1","0"
"Morniflumate","FC(F)(F)c1cc(Nc2ncccc2C(=O)OCCN2CCOCC2)ccc1","0"
"Nabilone","O1C([C@H]2[C@@H](CC(=O)CC2)c2c1cc(C(CCCCCC)(C)C)cc2O)(C)C","0"
"Nafarelin","O=C(N1[C@@H](CCC1)C(=O)NCC(=O)N)[C@H](NC(=O)[C@H](NC(=O)[C@H](NC(=O)[C@H](NC(=O)[C@H](NC(=O)[C@@H](NC(=O)[C@@H](NC(=O)[C@H]1NC(=O)CC1)Cc1[nH]cnc1)Cc1c2c([nH]c1)cccc2)CO)Cc1ccc(O)cc1)Cc1cc2c(cc1)cccc2)CC(C)C)CCCN=C(N)N","0"
"Naftifine","N(Cc1c2c(ccc1)cccc2)(C/C=C/c1ccccc1)C","0"
"Nalbuphine","O1[C@@H]2[C@]34[C@](O)([C@H](N(CC3)CC3CCC3)Cc3c4c1c(O)cc3)CC[C@@H]2O","0"
"Nalidixic acid","O=c1c2c(n(CC)cc1C(=O)O)nc(cc2)C","0"
"Naloxone","O1[C@@H]2[C@]34[C@](O)([C@H](N(CC3)CC=C)Cc3c4c1c(O)cc3)CCC2=O","0"
"Nedocromil","o1c2c(c3n(CC)c(cc(=O)c3cc2c(=O)cc1C(=O)O)C(=O)O)CCC","0"
"Nelarabine","O1[C@@H](n2c3nc(nc(OC)c3nc2)N)[C@@H](O)[C@H](O)[C@H]1CO","0"
"Neomycin","O([C@H]1[C@H](O[C@H]2O[C@@H]([C@@H](O)[C@H](O)[C@H]2N)CN)[C@@H](N)C[C@@H](N)[C@@H]1O)[C@@H]1O[C@@H]([C@@H](O[C@H]2O[C@H]([C@@H](O)[C@H](O)[C@H]2N)CN)[C@H]1O)CO","0"
"Nepafenac","O=C(c1c(N)c(CC(=O)N)ccc1)c1ccccc1","0"
"Niclosamide","Clc1c(NC(=O)c2c(O)ccc(Cl)c2)ccc(N(=O)=O)c1","0"
"Nicotine","N1([C@@H](CCC1)c1cccnc1)C","0"
"Nitrofurazone","o1c(ccc1N(=O)=O)/C=N/NC(=O)N","0"
"Nitroglycerin","O(N(=O)=O)C(CON(=O)=O)CON(=O)=O","0"
"Norepinephrine","O[C@H](c1cc(O)c(O)cc1)CN","0"
"Nystatin","O1[C@@]2(O)C[C@@H](O)[C@H]([C@H]1C[C@H](O[C@H]1O[C@@H]([C@@H](O)[C@H](N)[C@@H]1O)C)/C=C/C=C/C=C/C=C/CC/C=C/C=C/[C@@H]([C@@H](O)[C@H]([C@@H](OC(=O)C[C@@H](O)C[C@@H](O)C[C@@H](O)CC[C@@H](O)[C@@H](O)C2)C)C)C)C(=O)O","0"
"Olopatadine","O1c2c(/C(=CCCN(C)C)/c3c(C1)cccc3)cc(cc2)CC(=O)O","0"
"Oxiconazole","Clc1c(/C(=N/OCc2c(Cl)cc(Cl)cc2)/Cn2ccnc2)ccc(Cl)c1","0"
"Oxybutynin","O[C@@](C1CCCCC1)(c1ccccc1)C(=O)OCC#CCN(CC)CC","0"
"Oxycodone","O1[C@@H]2[C@]34[C@](O)([C@H](N(CC3)C)Cc3c4c1c(OC)cc3)CCC2=O","0"
"Oxymetazoline","Oc1c(C(C)(C)C)cc(c(c1C)CC1=NCCN1)C","0"
"Oxymorphone","O1[C@@H]2[C@]34[C@](O)([C@H](N(CC3)C)Cc3c4c1c(O)cc3)CCC2=O","0"
"Oxyphencyclimine","O[C@@](C1CCCCC1)(c1ccccc1)C(=O)OCC1=NCCCN1C","0"
"Paliperidone","Fc1cc2onc([C@H]3CCN(CC3)CCc3c(=O)n4CCC[C@H](O)c4nc3C)c2cc1","0"
"Pamidronate","P(=O)(O)(O)C(P(=O)(O)O)(O)CCN","0"
"Paricalcitol","OC([C@H](/C=C/[C@H]([C@@H]1[C@@]2([C@@H](CC1)/C(=C/C=C1/C[C@@H](O)C[C@H](O)C1)/CCC2)C)C)C)(C)C","0"
"Paromomycin","O([C@H]1[C@H](O[C@H]2O[C@@H]([C@@H](O)[C@H](O)[C@H]2N)CO)[C@@H](N)C[C@@H](N)[C@@H]1O)[C@@H]1O[C@@H]([C@@H](O[C@H]2O[C@H]([C@@H](O)[C@H](O)[C@H]2N)CN)[C@H]1O)CO","0"
"Pegaptanib","P(=O)(OCCCCCNC(=O)[C@@H](NC(=O)OCCOC)CCCCNC(=O)OCCOC)(O)C","0"
"Penbutolol","O(c1c(C2CCCC2)cccc1)C[C@@H](O)CNC(C)(C)C","0"
"Penciclovir","OCC(CCn1c2[nH]c(nc(=O)c2nc1)N)CO","0"
"Penfluridol","Clc1c(cc([C@]2(O)CCN(CC2)CCC[C@@H](c2ccc(F)cc2)c2ccc(F)cc2)cc1)C(F)(F)F","0"
"Pentagastrin","S(CC[C@H](NC(=O)[C@@H](NC(=O)CCNC(=O)OCC(C)C)Cc1c2c([nH]c1)cccc2)C(=O)N[C@@H](CC(=O)O)C(=O)N[C@@H](Cc1ccccc1)C(=O)N)C","0"
"Pentazocine","Oc1cc2[C@]3([C@H]([C@H](N(CC3)CC=C(C)C)Cc2cc1)C)C","0"
"Pentobarbital","O=C1NC(=O)NC(=O)C1([C@@H](CCC)C)CC","0"
"Pergolide","S(C[C@@H]1C[C@H]2[C@H](N(C1)CCC)Cc1c3c2cccc3[nH]c1)C","0"
"Permethrin","ClC(=C[C@H]1C([C@@H]1C(=O)OCc1cc(Oc2ccccc2)ccc1)(C)C)Cl","0"
"Phendimetrazine","O1[C@@H]([C@H](N(CC1)C)C)c1ccccc1","0"
"Phenmetrazine","O1[C@@H]([C@H](NCC1)C)c1ccccc1","0"
"Phenoxybenzamine","ClCCN([C@@H](COc1ccccc1)C)Cc1ccccc1","0"
"Phenprocoumon","o1c(O)c([C@H](CC)c2ccccc2)c(=O)c2c1cccc2","0"
"Phentermine","NC(Cc1ccccc1)(C)C","0"
"Phentolamine","Oc1cc(N(CC2=NCCN2)c2ccc(cc2)C)ccc1","0"
"Pimecrolimus","Cl[C@@H]1[C@H](OC)C[C@@H](CC1)/C=C(/[C@H]1OC(=O)[C@H]2N(C(=O)C(=O)[C@@]3(O[C@@H]([C@@H](OC)C[C@H]3C)[C@@H](OC)C[C@H](C/C(=C/[C@H](C(=O)C[C@H](O)[C@H]1C)CC)/C)C)O)CCCC2)C","0"
"Pipecuronium","O([C@@H]1[C@@]2([C@H]([C@H]3[C@@H]([C@@]4([C@@H](CC3)C[C@H](OC(=O)C)[C@@H](N3CC[N+](CC3)(C)C)C4)C)CC2)C[C@@H]1N1CC[N+](CC1)(C)C)C)C(=O)C","0"
"Pipobroman","BrCCC(=O)N1CCN(CC1)C(=O)CCBr","0"
"Pirbuterol","O[C@@H](CNC(C)(C)C)c1nc(c(O)cc1)CO","0"
"Plerixafor","N1(CCCNCCNCCCNCC1)Cc1ccc(CN2CCCNCCNCCCNCC2)cc1","0"
"Podofilox","O1C[C@H]2[C@@H]([C@@H](c3c([C@@H]2O)cc2OCOc2c3)c2cc(OC)c(OC)c(OC)c2)C1=O","0"
"Polymyxin b","O=C1N[C@@H](CCN)C(=O)N[C@@H](CCN)C(=O)N[C@@H]([C@H](O)C)C(=O)NCC[C@H](NC(=O)[C@@H](NC(=O)[C@@H](NC(=O)[C@@H](NC(=O)CCCC[C@@H](CC)C)CCN)[C@H](O)C)CCN)C(=O)N[C@@H](CCN)C(=O)N[C@@H](C(=O)N[C@H]1CC(C)C)Cc1ccccc1","0"
"Polystyrene sulfonate","S(=O)(=O)(O)c1c(cccc1)C=C","0"
"Polythiazide","Clc1cc2N[C@H](N(S(=O)(=O)c2cc1S(=O)(=O)N)C)CSCC(F)(F)F","0"
"Pralidoxime","O=N/C=c1/n(cccc1)C","0"
"Pramlintide","SC[C@H](NC(=O)[C@@H](NC(=O)[C@@H](NC(=O)[C@@H](NC(=O)[C@@H](NC(=O)[C@@H](NC(=O)[C@@H](N)CCCCN)CS)CC(=O)N)[C@H](O)C)C)[C@H](O)C)C(=O)N[C@H](C(=O)N[C@H](C(=O)N[C@H](C(=O)N[C@@H](CCCNC(=N)N)C(=O)N[C@@H](CC(C)C)C(=O)N[C@H](C(=O)N[C@H](C(=O)N[C@H](C(=O)N[C@H](C(=O)N[C@H](C(=O)N[C@H](C(=O)N[C@H](C(=O)N[C@H](C(=O)N[C@H](C(=O)N[C@H](C(=O)N[C@H](C(=O)NCC(=O)N1[C@@H](CCC1)C(=O)N[C@H](C(=O)N[C@H](C(=O)N1[C@@H](CCC1)C(=O)N1[C@@H](CCC1)C(=O)N[C@@H]([C@H](O)C)C(=O)N[C@@H](CC(=O)N)C(=O)N[C@@H](C(C)C)C(=O)NCC(=O)N[C@@H](CO)C(=O)N[C@@H](CC(=O)N)C(=O)N[C@@H]([C@H](O)C)C(=O)N[C@@H](Cc1ccc(O)cc1)C(=O)N)CC(C)C)[C@H](CC)C)Cc1ccccc1)CC(=O)N)CC(=O)N)CO)CO)Cc1[nH]cnc1)C(C)C)CC(C)C)Cc1ccccc1)CC(=O)N)C)CCC(=O)N)[C@H](O)C)C","0"
"Prednicarbate","O([C@]1([C@@]2([C@H]([C@H]3[C@H]([C@@H](O)C2)[C@@]2(C(=CC(=O)C=C2)CC3)C)CC1)C)C(=O)COC(=O)CC)C(=O)OCC","0"
"Prilocaine","O=C(Nc1c(cccc1)C)[C@H](NCCC)C","0"
"Primaquine","O(c1cc(N[C@@H](CCCN)C)c2ncccc2c1)C","0"
"Procaine","O(CCN(CC)CC)C(=O)c1ccc(N)cc1","0"
"Procyclidine","O[C@@](C1CCCCC1)(CCN1CCCC1)c1ccccc1","0"
"Propantheline","O(CC[N+](C(C)C)(C(C)C)C)C(=O)[C@H]1c2c(Oc3c1cccc3)cccc2","0"
"Proparacaine","O(CCN(CC)CC)C(=O)c1cc(N)c(OCCC)cc1","0"
"Propyliodone","Ic1cn(CC(=O)OCCC)cc(I)c1=O","0"
"Protirelin","O=C(N1[C@@H](CCC1)C(=O)N)[C@@H](NC(=O)[C@H]1NC(=O)CC1)Cc1[nH]cnc1","0"
"Pyrimethamine","Clc1ccc(c2c(nc(nc2N)N)CC)cc1","0"
"Pyrvinium","n1(c(c(cc1C)/C=C/c1[n+](c2c(cc(N(C)C)cc2)cc1)C)C)c1ccccc1","0"
"Quazepam","Clc1cc2c(N(CC(F)(F)F)C(=S)CN=C2c2c(F)cccc2)cc1","0"
"Quinapril","O=C(N1[C@@H](Cc2c(C1)cccc2)C(=O)O)[C@@H](N[C@@H](CCc1ccccc1)C(=O)OCC)C","0"
"Ramelteon","O1c2c(c3[C@@H](CCc3cc2)CCNC(=O)CC)CC1","0"
"Ranolazine","O[C@@H](CN1CCN(CC1)CC(=O)Nc1c(cccc1C)C)COc1c(OC)cccc1","0"
"Rapacuronium","O([C@@H]1[C@@]2([C@H]([C@H]3[C@@H]([C@@]4([C@@H](CC3)C[C@H](OC(=O)C)[C@@H](N3CCCCC3)C4)C)CC2)C[C@@H]1[N+]1(CCCCC1)CC=C)C)C(=O)CC","0"
"Rasagiline","N([C@@H]1CCc2c1cccc2)CC#C","0"
"Reserpine","O([C@@H]1[C@H]([C@@H]2[C@@H](CN3[C@H](C2)c2[nH]c4c(c2CC3)ccc(OC)c4)C[C@H]1OC(=O)c1cc(OC)c(OC)c(OC)c1)C(=O)OC)C","0"
"Retapamulin","S([C@H]1C[C@@H]2N([C@H](C1)CC2)C)CC(=O)O[C@H]1[C@@]2([C@H]3[C@@]([C@H]([C@H](O)[C@](C1)(C)C=C)C)(CC[C@H]2C)CCC3=O)C","0"
"Rimantadine","N[C@@H]([C@]12C[C@@H]3C[C@H](C1)C[C@H](C2)C3)C","0"
"Rimexolone","O[C@@H]1[C@H]2[C@H]([C@H]3[C@@]([C@@]([C@@H](C3)C)(C)C(=O)CC)(C1)C)CCC1=CC(=O)C=C[C@]21C","0"
"Rivastigmine","O(c1cc([C@@H](N(C)C)C)ccc1)C(=O)N(CC)C","0"
"Rizatriptan","[nH]1c2c(c(CCN(C)C)c1)cc(cc2)Cn1ncnc1","0"
"Rocuronium","O([C@@H]1[C@@]2([C@H]([C@H]3[C@@H]([C@@]4([C@@H](CC3)C[C@H](O)[C@@H](N3CCOCC3)C4)C)CC2)C[C@@H]1[N+]1(CCCC1)CC=C)C)C(=O)C","0"
"Ropinirole","O=C1Nc2c(c(CCN(CCC)CCC)ccc2)C1","0"
"Ropivacaine","O=C(Nc1c(cccc1C)C)[C@H]1N(CCCC1)CCC","0"
"Rotigotine","s1c(CCN([C@H]2CCc3c(C2)cccc3O)CCC)ccc1","0"
"Rufinamide","Fc1c(Cn2nnc(c2)C(=O)N)c(F)ccc1","0"
"Sacrosidase","O1c2cc(C(C)(C)C)ccc2O[C@H]1C","0"
"Salmeterol","O(CCCCCCNC[C@H](O)c1cc(c(O)cc1)CO)CCCCc1ccccc1","0"
"Samarium sm 153 lexidronam","P(=O)(O)(O)CN(CCN(CP(=O)(O)O)CP(=O)(O)O)CP(=O)(O)O","0"
"Sapropterin","O[C@H]([C@@H]1Nc2c(NC1)[nH]c(nc2=O)N)[C@@H](O)C","0"
"Secobarbital","O=C1NC(=O)NC(=O)C1([C@@H](CCC)C)CC=C","0"
"Selegiline","N([C@@H](Cc1ccccc1)C)(CC#C)C","0"
"Sermorelin","S(CC[C@H](NC(=O)[C@@H](NC(=O)[C@H](NC(=O)[C@@H](NC(=O)[C@@H](NC(=O)[C@@H](NC(=O)[C@@H](NC(=O)[C@H](NC(=O)[C@H](NC(=O)[C@H](NC(=O)[C@@H](NC(=O)[C@H](NC(=O)CNC(=O)[C@@H](NC(=O)[C@@H](NC(=O)[C@@H](NC(=O)[C@@H](NC(=O)[C@H](NC(=O)[C@H](NC(=O)[C@H](NC(=O)[C@@H](NC(=O)[C@@H](NC(=O)[C@@H](NC(=O)[C@H](NC(=O)[C@H](NC(=O)[C@H](NC(=O)[C@H](N)Cc1ccc(O)cc1)C)CC(=O)O)C)[C@@H](CC)C)Cc1ccccc1)[C@H](O)C)CC(=O)N)CO)Cc1ccc(O)cc1)CCCNC(=N)N)CCCCN)C(C)C)CC(C)C)CCC(=O)N)CC(C)C)CO)C)CCCNC(=N)N)CCCCN)CC(C)C)CC(C)C)CCC(=O)N)CC(=O)O)[C@@H](CC)C)C(=O)N[C@@H](CO)C(=O)N[C@@H](CCCNC(=N)N)C(=O)N)C","0"
"Silver sulfadiazine","S(=O)(=O)([N-]c1ncccn1)c1ccc(N)cc1","0"
"Sincalide","S(CC[C@H](NC(=O)[C@@H](NC(=O)CNC(=O)[C@@H](NC(=O)[C@@H](NC(=O)[C@@H](N)CC(=O)O)Cc1ccc(OS(=O)(=O)O)cc1)CCSC)Cc1c2c([nH]c1)cccc2)C(=O)N[C@@H](CC(=O)O)C(=O)N[C@@H](Cc1ccccc1)C(=O)N)C","0"
"Sodium polystyrene sulfonate","C=CC1=CC=CC=C1S(=O)(=O)[O-].[Ca+2]","0"
"Solifenacin","O([C@H]1[C@@H]2CCN(C1)CC2)C(=O)N1[C@H](c2c(CC1)cccc2)c1ccccc1","0"
"Sorbitol","O[C@@H]([C@H](O)[C@@H](O)CO)[C@H](O)CO","0"
"Streptomycin","O([C@@H]1[C@@H](N=C(N)N)[C@H](O)[C@@H](N=C(N)N)[C@H](O)[C@H]1O)[C@@H]1O[C@H]([C@@](O)([C@H]1O[C@@H]1O[C@H]([C@H](O)[C@@H](O)[C@@H]1NC)CO)C=O)C","0"
"Succinylcholine","O(CC[N+](C)(C)C)C(=O)CCC(=O)OCC[N+](C)(C)C","0"
"Sufentanil","s1c(CCN2CC[C@](N(c3ccccc3)C(=O)CC)(CC2)COC)ccc1","0"
"Sulfacetamide","S(=O)(=O)(NC(=O)C)c1ccc(N)cc1","0"
"Sulfinpyrazone","[S@](=O)(CC[C@H]1C(=O)N(N(C1=O)c1ccccc1)c1ccccc1)c1ccccc1","0"
"Tamsulosin","S(=O)(=O)(N)c1cc(C[C@H](NCCOc2c(OCC)cccc2)C)ccc1OC","0"
"Technetium tc 99m tetrofosmin","P(CCP(CCOCC)CCOCC)(CCOCC)CCOCC","0"
"Temocillin","S1[C@H]2N([C@H](C1(C)C)C(=O)O)C(=O)[C@@]2(OC)NC(=O)[C@@H](c1ccsc1)C(=O)O","0"
"Terazosin","O1[C@@H](CCC1)C(=O)N1CCN(CC1)c1nc2c(c(n1)N)cc(OC)c(OC)c2","0"
"Teriparatide","S(CC[C@H](NC(=O)[C@@H](NC(=O)[C@@H](NC(=O)[C@@H](NC(=O)[C@@H](NC(=O)[C@@H](NC(=O)[C@@H](NC(=O)[C@@H](N)CO)C(C)C)CO)CCC(=O)O)[C@H](CC)C)CCC(=O)N)CC(C)C)C(=O)N[C@@H](Cc1nc[nH]c1)C(=O)N[C@H](C(=O)N[C@@H](CC(C)C)C(=O)NCC(=O)N[C@@H](CCCCN)C(=O)N[C@H](C(=O)N[C@@H](CC(C)C)C(=O)N[C@H](C(=O)N[C@H](C(=O)N[C@H](C(=O)N[C@H](C(=O)N[C@H](C(=O)N[C@@H](C(C)C)C(=O)N[C@H](C(=O)N[C@@H](Cc1c2c([nH]c1)cccc2)C(=O)N[C@@H](CC(C)C)C(=O)N[C@@H](CCCNC(=N)N)C(=O)N[C@@H](CCCCN)C(=O)N[C@@H](CCCCN)C(=O)N[C@@H](CC(C)C)C(=O)N[C@@H](CCC(=O)N)C(=O)N[C@H](C(=O)N[C@@H](C(C)C)C(=O)N[C@@H](Cc1nc[nH]c1)C(=O)N[C@@H](CC(=O)N)C(=O)N[C@@H](Cc1ccccc1)C(=O)O)CC(=O)O)CCC(=O)O)CCCNC(=N)N)CCC(=O)O)CCSC)CO)CC(=O)N)Cc1nc[nH]c1)CC(=O)N)C","0"
"Tertatolol","S1c2c(CCC1)cccc2OC[C@@H](O)CNC(C)(C)C","0"
"Testolactone","O1[C@@]2([C@H]([C@H]3[C@@H]([C@@]4(C(=CC(=O)C=C4)CC3)C)CC2)CCC1=O)C","0"
"Tetrahydrozoline","N1C(=NCC1)[C@H]1CCCc2c1cccc2","0"
"Thiotepa","S=P(N1CC1)(N1CC1)N1CC1","0"
"Thyrotropin","O=C(N1[C@@H](CCC1)C(=O)N)[C@H](NC(=O)[C@H]1NC(=O)CC1)Cc1[nH]cnc1","0"
"Tiagabine","s1c(/C(=CCCN2C[C@@H](CCC2)C(=O)O)/c2sccc2C)c(cc1)C","0"
"Tibolone","O[C@@]1([C@@]2([C@H]([C@H]3[C@H](CC2)C2=C(C[C@H]3C)CC(=O)CC2)CC1)C)C#C","0"
"Ticarcillin","S1[C@H]2N([C@H](C1(C)C)C(=O)O)C(=O)[C@H]2NC(=O)[C@@H](c1ccsc1)C(=O)O","0"
"Timolol","s1nc(N2CCOCC2)c(OC[C@@H](O)CNC(C)(C)C)n1","0"
"Tioconazole","Clc1c([C@@H](OCc2ccsc2Cl)Cn2ccnc2)ccc(Cl)c1","0"
"Tiotropium","s1c([C@@](O)(C(=O)O[C@H]2C[C@@H]3[N+]([C@@H]([C@@H]4O[C@H]34)C2)(C)C)c2sccc2)ccc1","0"
"Tirofiban","S(=O)(=O)(N[C@@H](Cc1ccc(OCCCCC2CCNCC2)cc1)C(=O)O)CCCC","0"
"Torsemide","S(=O)(=O)(NC(=O)NC(C)C)c1c(Nc2cc(ccc2)C)ccnc1","0"
"Travoprost","FC(F)(F)c1cc(OC[C@H](O)/C=C/[C@@H]2[C@H]([C@@H](O)C[C@H]2O)C/C=CCCCC(=O)OC(C)C)ccc1","0"
"Treprostinil","O[C@@H]1[C@H]([C@H]2[C@@H](C1)Cc1c(C2)cccc1OCC(=O)O)CC[C@H](O)CCCCC","0"
"Trientine","N(CCNCCN)CCN","0"
"Trifluridine","FC(F)(F)c1cn([C@@H]2O[C@@H]([C@@H](O)C2)CO)c(=O)[nH]c1=O","0"
"Trihexyphenidyl","O[C@@](C1CCCCC1)(CCN1CCCCC1)c1ccccc1","0"
"Trimethaphan","[S@@+]12[C@@H]([C@@H]3N(C(=O)N([C@@H]3C1)Cc1ccccc1)Cc1ccccc1)CCC2","0"
"Trioxsalen","o1c2c(cc3c(oc(=O)cc3C)c2C)cc1C","0"
"Tripelennamine","N(CCN(C)C)(Cc1ccccc1)c1ncccc1","0"
"Triprolidine","N1(CCCC1)C/C=C(c1ccc(cc1)C)/c1ncccc1","0"
"Triptorelin","O=C(N1[C@@H](CCC1)C(=O)NCC(=O)N)[C@H](NC(=O)[C@H](NC(=O)[C@H](NC(=O)[C@H](NC(=O)[C@H](NC(=O)[C@@H](NC(=O)[C@@H](NC(=O)[C@H]1NC(=O)CC1)Cc1[nH]cnc1)Cc1c2c([nH]c1)cccc2)CO)Cc1ccc(O)cc1)Cc1c2c([nH]c1)cccc2)CC(C)C)CCCN=C(N)N","0"
"Tropicamide","O=C(N(Cc1ccncc1)CC)[C@@H](c1ccccc1)CO","0"
"Trospium","O([C@H]1C[C@@H]2[N+]3([C@@H](CC2)C1)CCCC3)C(=O)[C@](O)(c1ccccc1)c1ccccc1","0"
"Trypan blue","S(=O)(=O)(O)C1=Cc2c(c(N)cc(S(=O)(=O)O)c2)C(=O)/C/1=N/Nc1c(cc(c2cc(c(N/N=C/3C(=Cc4c(c(N)cc(S(=O)(=O)O)c4)C3=O)S(=O)(=O)O)cc2)C)cc1)C","0"
"Tyropanoate sodium","Ic1c(C[C@@H](CC)C(=O)O)c(I)cc(I)c1NC(=O)CCC","0"
"Unoprostone","O[C@H]1[C@@H]([C@H]([C@@H](O)C1)C/C=C/CCCC(=O)O)CCC(=O)CCCCCCC","0"
"Urofollitropin","S1SC[C@H](N)C(=O)N[C@@H](C(=O)N[C@@H]([C@@H](CC)C)C(=O)N[C@@H](C(=O)N[C@@H](C(=O)N[C@@H](C(=O)N2[C@@H](CCC2)C(=O)N[C@@H](CC(C)C)C(=O)NCC(=O)N)C1)CC(=O)N)[C@H](O)C)Cc1ccc(O)cc1","0"
"Valganciclovir","O([C@@H](COC(=O)[C@@H](N)C(C)C)CO)Cn1c2[nH]c(nc(=O)c2nc1)N","0"
"Valrubicin","FC(F)(F)C(=O)N[C@H]1C[C@@H](O[C@H]2C[C@@](O)(Cc3c2c(O)c2c(c3O)C(=O)c3c(C2=O)c(OC)ccc3)C(=O)COC(=O)CCCC)O[C@@H]([C@H]1O)C","0"
"Vancomycin","Clc1c2Oc3c(O[C@@H]4O[C@@H]([C@@H](O)[C@H](O)[C@H]4O[C@@H]4O[C@H]([C@@H](O)[C@@](N)(C4)C)C)CO)c4Oc5c(Cl)cc([C@@H](O)[C@@H]6NC(=O)[C@H](NC(=O)[C@@H](NC(=O)[C@@H](NC(=O)[C@@H](NC(=O)[C@H](NC)CC(C)C)[C@H](O)c(c1)cc2)CC(=O)N)c(c3)c4)c1cc(c2c([C@H](NC6=O)C(=O)O)cc(O)cc2O)c(O)cc1)cc5","0"
"Varenicline","N1C[C@H]2C[C@H](c3c2cc2nccnc2c3)C1","0"
"Vecuronium","O([C@@H]1[C@@]2([C@H]([C@H]3[C@@H]([C@@]4([C@@H](CC3)C[C@H](OC(=O)C)[C@@H](N3CCCCC3)C4)C)CC2)C[C@@H]1[N+]1(CCCCC1)C)C)C(=O)C","0"
"Vitamin d","O[C@@H]1C/C(=C/C=C2/[C@H]3[C@@]([C@H](CC3)[C@@H](CCCC(C)C)C)(CCC2)C)/C(=C)CC1","0"
"Vorinostat","O=C(Nc1ccccc1)CCCCCCC(=O)NO","0"
"Zaleplon","O=C(N(c1cc(c2n3ncc(c3ncc2)C#N)ccc1)CC)C","0"
"Zanamivir","O1[C@H]([C@H](NC(=O)C)[C@@H](N=C(N)N)C=C1C(=O)O)[C@H](O)[C@H](O)CO","0"
"Zolmitriptan","O1C[C@@H](NC1=O)Cc1cc2c(CCN(C)C)c[nH]c2cc1","0"
"Zopiclone","Clc1ccc(N2[C@H](OC(=O)N3CCN(CC3)C)c3nccnc3C2=O)nc1","0"
"aceclofenac","C1=CC=C(C(=C1)CC(=O)OCC(=O)O)NC2=C(C=CC=C2Cl)Cl","0"
"acetylcysteine","CC(=O)N[C@@H](CS)C(=O)O","0"
"adenosine","C1=NC2=C(C(=N1)N)N=CN2[C@H]3[C@@H]([C@@H]([C@H](O3)CO)O)O","0"
"alfentanil","CCC(=O)N(C1=CC=CC=C1)C2(CCN(CC2)CCN3C(=O)N(N=N3)CC)COC","0"
"aliskiren","CC(C)[C@@H](CC1=CC(=C(C=C1)OC)OCCCOC)C[C@@H]([C@H](C[C@@H](C(C)C)C(=O)NCC(C)(C)C(=O)N)O)N","0"
"alvimopan","C[C@H]1CN(CC[C@@]1(C)C2=CC(=CC=C2)O)C[C@H](CC3=CC=CC=C3)C(=O)NCC(=O)O","0"
"ambenonium","CC[N+](CC)(CCNC(=O)C(=O)NCC[N+](CC)(CC)CC1=CC=CC=C1Cl)CC2=CC=CC=C2Cl","0"
"amifostine","C(CN)CNCCSP(=O)(O)O","0"
"amikacin","C1[C@@H]([C@H]([C@@H]([C@H]([C@@H]1NC(=O)[C@H](CCN)O)O[C@@H]2[C@@H]([C@H]([C@@H]([C@H](O2)CO)O)N)O)O)O[C@@H]3[C@@H]([C@H]([C@@H]([C@H](O3)CN)O)O)O)N","0"
"aminocaproic acid","C(CCC(=O)O)CCN","0"
"aminohippurate","C1=CC(=CC=C1C(=O)NCC(=O)O)N","0"
"aminophylline","CN1C2=C(C(=O)N(C1=O)C)NC=N2.CN1C2=C(C(=O)N(C1=O)C)NC=N2.C(CN)N","0"
"amphetamine","CC(CC1=CC=CC=C1)N","0"
"argatroban","C[C@@H]1CCN([C@H](C1)C(=O)O)C(=O)[C@H](CCCN=C(N)N)NS(=O)(=O)C2=CC=CC3=C2NC[C@@H](C3)C","0"
"bacitracin","CCC(C)[C@H]1C(=O)N[C@@H](C(=O)N[C@H](C(=O)N[C@@H](C(=O)N[C@H](C(=O)NCCCC[C@@H](C(=O)N[C@@H](C(=O)N1)CCCN)NC(=O)[C@H](C(C)CC)NC(=O)[C@@H](CCC(=O)O)NC(=O)[C@H](CC(C)C)NC(=O)C2CN=C(S2)[C@H](C(C)CC)N)CC(=O)N)CC(=O)O)CC3=CN=CN3)CC4=CC=CC=C4","0"
"benzonatate","CCCCNC1=CC=C(C=C1)C(=O)OCCOCCOCCOCCOCCOCCOCCOCCOCCOC","0"
"benzphetamine","CC(CC1=CC=CC=C1)N(C)CC2=CC=CC=C2","0"
"benztropine","CN1[C@@H]2CC[C@@H]1CC(C2)OC(C3=CC=CC=C3)C4=CC=CC=C4","0"
"betaine","C[N+](C)(C)CC(=O)[O-]","0"
"bethanechol","CC(C[N+](C)(C)C)OC(=O)N","0"
"biperiden","C1CCN(CC1)CCC(C2CC3CC2C=C3)(C4=CC=CC=C4)O","0"
"bisacodyl","CC(=O)OC1=CC=C(C=C1)C(C2=CC=C(C=C2)OC(=O)C)C3=CC=CC=N3","0"
"bivalirudin","CC[C@H](C)[C@@H](C(=O)N1CCC[C@H]1C(=O)N[C@@H](CCC(=O)O)C(=O)N[C@@H](CCC(=O)O)C(=O)N[C@@H](CC2=CC=C(C=C2)O)C(=O)N[C@@H](CC(C)C)C(=O)O)NC(=O)[C@H](CCC(=O)O)NC(=O)[C@H](CCC(=O)O)NC(=O)[C@H](CC3=CC=CC=C3)NC(=O)[C@H](CC(=O)O)NC(=O)CNC(=O)[C@H](CC(=O)N)NC(=O)CNC(=O)CNC(=O)CNC(=O)CNC(=O)[C@@H]4CCCN4C(=O)[C@H](CCCNC(=N)N)NC(=O)[C@@H]5CCCN5C(=O)[C@@H](CC6=CC=CC=C6)N","0"
"brompheniramine","CN(C)CCC(C1=CC=C(C=C1)Br)C2=CC=CC=N2","0"
"budesonide","CCC[C@H]1O[C@@H]2C[C@H]3[C@@H]4CCC5=CC(=O)C=C[C@@]5([C@H]4[C@H](C[C@@]3([C@@]2(O1)C(=O)CO)C)O)C","0"
"butorphanol","C1CC[C@]2([C@H]3CC4=C([C@]2(C1)CCN3CC5CCC5)C=C(C=C4)O)O","0"
"cabergoline","CCNC(=O)N(CCCN(C)C)C(=O)[C@@H]1C[C@H]2[C@@H](CC3=CNC4=CC=CC2=C34)N(C1)CC=C","0"
"caffeine","CN1C=NC2=C1C(=O)N(C(=O)N2C)C","0"
"calcitonin salmon","CC(C)CC1C(=O)NC(C(=O)NC(C(=O)NC(CSSCC(C(=O)NC(C(=O)NC(C(=O)N1)CC(=O)N)CO)N)C(=O)NC(C(C)C)C(=O)NC(CC(C)C)C(=O)NCC(=O)NC(CCCCN)C(=O)NC(CC(C)C)C(=O)NC(CO)C(=O)NC(CCC(=O)N)C(=O)NC(CCC(=O)O)C(=O)NC(CC(C)C)C(=O)NC(CC2=CN=CN2)C(=O)NC(CCCCN)C(=O)NC(CC(C)C)C(=O)NC(CCC(=O)N)C(=O)NC(C(C)O)C(=O)NC(CC3=CC=C(C=C3)O)C(=O)N4CCCC4C(=O)NC(CCCNC(=N)N)C(=O)NC(C(C)O)C(=O)NC(CC(=O)N)C(=O)NC(C(C)O)C(=O)NCC(=O)NC(CO)C(=O)NCC(=O)NC(C(C)O)C(=O)N5CCCC5C(=O)N)C(C)O)CO","0"
"calcitriol","C[C@H](CCCC(C)(C)O)[C@H]1CC[C@@H]2[C@@]1(CCCC2=CC=C3C[C@H](C[C@@H](C3=C)O)O)C","0"
"calcium acetate","CC(=O)[O-].CC(=O)[O-].[Ca+2]","0"
"carbinoxamine","CN(C)CCOC(C1=CC=C(C=C1)Cl)C2=CC=CC=N2","0"
"carboprost tromethamine","CCCCC[C@@](C)(/C=C/[C@H]1[C@@H](C[C@@H]([C@@H]1C/C=C/CCCC(=O)O)O)O)O","0"
"carisoprodol","CCCC(C)(COC(=O)N)COC(=O)NC(C)C","0"
"chlorcyclizine","CN1CCN(CC1)C(C2=CC=CC=C2)C3=CC=C(C=C3)Cl","0"
"chlorpheniramine","CN(C)CCC(C1=CC=C(C=C1)Cl)C2=CC=CC=N2","0"
"cisatracurium besylate","C[N@@+]1(CCC2=CC(=C(C=C2[C@H]1CC3=CC(=C(C=C3)OC)OC)OC)OC)CCC(=O)OCCCCCOC(=O)CC[N@+]4(CCC5=CC(=C(C=C5[C@H]4CC6=CC(=C(C=C6)OC)OC)OC)OC)C.C1=CC=C(C=C1)S(=O)(=O)[O-].C1=CC=C(C=C1)S(=O)(=O)[O-]","0"
"clevidipine","CCCC(=O)OCOC(=O)C1=C(NC(=C(C1C2=C(C(=CC=C2)Cl)Cl)C(=O)OC)C)C","0"
"codeine","CN1CC[C@]23[C@@H]4[C@H]1CC5=C2C(=C(C=C5)OC)O[C@H]3[C@H](C=C4)O","0"
"colistimethate","CCC(C)CCCCC(=O)NC(CCNCS(=O)(=O)[O-])C(=O)NC(C(C)O)C(=O)NC(CCNCS(=O)(=O)[O-])C(=O)NC1CCNC(=O)C(NC(=O)C(NC(=O)C(NC(=O)C(NC(=O)C(NC(=O)C(NC1=O)CCNCS(=O)(=O)[O-])CC(C)C)CC(C)C)CCNCS(=O)(=O)[O-])CCNCS(=O)(=O)[O-])C(C)O.[Na+].[Na+].[Na+].[Na+].[Na+]","0"
"conivaptan","CC1=NC2=C(N1)CCN(C3=CC=CC=C32)C(=O)C4=CC=C(C=C4)NC(=O)C5=CC=CC=C5C6=CC=CC=C6","0"
"corticorelin ovine triflutate","CC[C@H](C)[C@@H](C(=O)N[C@@H](CO)C(=O)N[C@@H](CC(C)C)C(=O)N[C@@H](CC(=O)O)C(=O)N[C@@H](CC(C)C)C(=O)N[C@@H]([C@@H](C)O)C(=O)N[C@@H](CC1=CC=CC=C1)C(=O)N[C@@H](CC2=CN=CN2)C(=O)N[C@@H](CC(C)C)C(=O)N[C@@H](CC(C)C)C(=O)N[C@@H](CCCNC(=N)N)C(=O)N[C@@H](CCC(=O)O)C(=O)N[C@@H](C(C)C)C(=O)N[C@@H](CC(C)C)C(=O)N[C@@H](CCC(=O)O)C(=O)N[C@@H](CCSC)C(=O)N[C@@H]([C@@H](C)O)C(=O)N[C@@H](CCCCN)C(=O)N[C@@H](C)C(=O)N[C@@H](CC(=O)O)C(=O)N[C@@H](CCC(=O)N)C(=O)N[C@@H](CC(C)C)C(=O)N[C@@H](C)C(=O)N[C@@H](CCC(=O)N)C(=O)N[C@@H](CCC(=O)N)C(=O)N[C@@H](C)C(=O)N[C@@H](CC3=CN=CN3)C(=O)N[C@@H](CO)C(=O)N[C@@H](CC(=O)N)C(=O)N[C@@H](CCCNC(=N)N)C(=O)N[C@@H](CCCCN)C(=O)N[C@@H](CC(C)C)C(=O)N[C@@H](CC(C)C)C(=O)N[C@@H](CC(=O)O)C(=O)N[C@@H]([C@@H](C)CC)C(=O)N[C@@H](C)C(=O)N)NC(=O)[C@@H]4CCCN4C(=O)[C@@H]5CCCN5C(=O)[C@H](CCC(=O)O)NC(=O)[C@H](CCC(=O)N)NC(=O)[C@H](CO)N","0"
"cortisone acetate","CC(=O)OCC(=O)[C@]1(CC[C@@H]2[C@@]1(CC(=O)[C@H]3[C@H]2CCC4=CC(=O)CC[C@]34C)C)O","0"
"cosyntropin","CC(C)[C@@H](C(=O)NCC(=O)N[C@H](CCCCN)C(=O)N[C@H](CCCCN)C(=O)N[C@H](CCCNC(=N)N)C(=O)N[C@H](CCCNC(=N)N)C(=O)N1CCC[C@H]1C(=O)N[C@@H](C(C)C)C(=O)N[C@@H](CCCCN)C(=O)N[C@@H](C(C)C)C(=O)N[C@@H](CC2=CC=C(C=C2)O)C(=O)N3CCC[C@H]3C(=O)O)NC(=O)[C@@H]4CCCN4C(=O)[C@H](CCCCN)NC(=O)CNC(=O)[C@H](CC5=CNC6=CC=CC=C65)NC(=O)[C@H](CCCNC(=N)N)NC(=O)[C@H](CC7=CC=CC=C7)NC(=O)[C@H](CC8=CNC=N8)NC(=O)[C@H](CCC(=O)O)NC(=O)[C@H](CCSC)NC(=O)[C@H](CO)NC(=O)[C@H](CC9=CC=C(C=C9)O)NC(=O)C(CO)N","0"
"cupric chloride","Cl[Cu]Cl","0"
"cyanocobalamin","CC1=CC2=C(C=C1C)N(C=N2)[C@@H]3C(C([C@@H](O3)CO)OP(=O)(O)OC(C)CNC(=O)CC[C@@]4([C@H](C5[C@]6([C@@]([C@@H](C(=N6)/C(=C7/[C@@]([C@@H](C(=N7)/C=C8/C([C@@H](C(=N8)/C(=C4[N-]5)/C)CCC(=O)N)(C)C)CCC(=O)N)(C)CC(=O)N)/C)CCC(=O)N)(C)CC(=O)N)C)CC(=O)N)C)O.[C-]#N.[Co+3]","0"
"darifenacin","C1CN(C[C@@H]1C(C2=CC=CC=C2)(C3=CC=CC=C3)C(=O)N)CCC4=CC5=C(C=C4)OCC5","0"
"daunorubicin","C[C@H]1[C@H]([C@H](C[C@@H](O1)O[C@H]2C[C@@](CC3=C(C4=C(C(=C23)O)C(=O)C5=C(C4=O)C=CC=C5OC)O)(C(=O)C)O)N)O","0"
"deferoxamine","CC(=O)N(CCCCCNC(=O)CCC(=O)N(CCCCCNC(=O)CCC(=O)N(CCCCCN)O)O)O","0"
"dexchlorpheniramine","CN(C)CC[C@@H](C1=CC=C(C=C1)Cl)C2=CC=CC=N2","0"
"dextromethorphan","CN1CC[C@@]23CCCC[C@@H]2[C@@H]1CC4=C3C=C(C=C4)OC","0"
"dextrose","C([C@@H]1[C@H]([C@@H]([C@H](C(O1)O)O)O)O)O","0"
"dichlorphenamide","C1=C(C=C(C(=C1S(=O)(=O)N)Cl)Cl)S(=O)(=O)N","0"
"dicyclomine","CCN(CC)CCOC(=O)C1(CCCCC1)C2CCCCC2","0"
"diethylpropion","CCN(CC)C(C)C(=O)C1=CC=CC=C1","0"
"digoxin","C[C@@H]1[C@H]([C@H](C[C@@H](O1)O[C@@H]2[C@H](O[C@H](C[C@@H]2O)O[C@@H]3[C@H](O[C@H](C[C@@H]3O)O[C@H]4CC[C@]5([C@@H](C4)CC[C@@H]6[C@@H]5C[C@H]([C@]7([C@@]6(CCC7C8=CC(=O)OC8)O)C)O)C)C)C)O)O","0"
"dihydroergotamine","C[C@@]1(C(=O)N2[C@H](C(=O)N3CCC[C@H]3[C@@]2(O1)O)CC4=CC=CC=C4)NC(=O)[C@@H]5C[C@H]6[C@@H](CC7=CNC8=CC=CC6=C78)N(C5)C","0"
"dimenhydrinate","CN1C(=C2C(=NC(=N2)Cl)N(C1=O)C)[O-].C[NH+](C)CCOC(C1=CC=CC=C1)C2=CC=CC=C2","0"
"diphenoxylate","CCOC(=O)C1(CCN(CC1)CCC(C#N)(C2=CC=CC=C2)C3=CC=CC=C3)C4=CC=CC=C4","0"
"dobutamine","CC(CCC1=CC=C(C=C1)O)NCCC2=CC(=C(C=C2)O)O","0"
"dofetilide","CN(CCC1=CC=C(C=C1)NS(=O)(=O)C)CCOC2=CC=C(C=C2)NS(=O)(=O)C","0"
"dopamine","C1=CC(=C(C=C1CCN)O)O","0"
"doxapram","CCN1CC(C(C1=O)(C2=CC=CC=C2)C3=CC=CC=C3)CCN4CCOCC4","0"
"doxylamine","CC(C1=CC=CC=C1)(C2=CC=CC=N2)OCCN(C)C","0"
"dutasteride","C[C@]12CCC3[C@H]([C@@H]1CC[C@@H]2C(=O)NC4=C(C=CC(=C4)C(F)(F)F)C(F)(F)F)CC[C@@H]5[C@@]3(C=CC(=O)N5)C","0"
"dyphylline","CN1C2=C(C(=O)N(C1=O)C)N(C=N2)CC(CO)O","0"
"edrophonium","CC[N+](C)(C)C1=CC(=CC=C1)O","0"
"entacapone","CCN(CC)C(=O)/C(=C/C1=CC(=C(C(=C1)O)O)[N+](=O)[O-])/C#N","0"
"ephedrine","C[C@@H]([C@@H](C1=CC=CC=C1)O)NC","0"
"epinephrine","CNC[C@@H](C1=CC(=C(C=C1)O)O)O","0"
"epoetin alfa","C1=CC=C(C=C1)CC(CC(=O)CNC(=O)C2=CC=CC=C2)C(=O)O","0"
"eptifibatide","C1CC2C(=O)NC(CSSCCC(=O)NC(C(=O)NCC(=O)NC(C(=O)NC(C(=O)N2C1)CC3=CNC4=CC=CC=C43)CC(=O)O)CCCCN=C(N)N)C(=O)N","0"
"ergocalciferol","C[C@H](/C=C/[C@H](C)C(C)C)[C@H]1CC[C@@H]2[C@@]1(CCC/C2=CC=C/3C[C@H](CCC3=C)O)C","0"
"esmolol","CC(C)NCC(COC1=CC=C(C=C1)CCC(=O)OC)O","0"
"estazolam","C1C2=NN=CN2C3=C(C=C(C=C3)Cl)C(=N1)C4=CC=CC=C4","0"
"etidronic acid","CC(O)(P(=O)(O)O)P(=O)(O)O","0"
"etomidate","CCOC(=O)C1=CN=CN1C(C)C2=CC=CC=C2","0"
"exametazime","C[C@@H](NCC(CN[C@@H](/C(=N/O)/C)C)(C)C)/C(=N/O)/C","0"
"exenatide","CC[C@H](C)[C@@H](C(=O)N[C@@H](CCC(=O)O)C(=O)N[C@@H](CC1=CNC2=CC=CC=C21)C(=O)N[C@@H](CC(C)C)C(=O)N[C@@H](CCCCN)C(=O)N[C@@H](CC(=O)N)C(=O)NCC(=O)NCC(=O)N3CCC[C@H]3C(=O)N[C@@H](CO)C(=O)N[C@@H](CO)C(=O)NCC(=O)N[C@@H](C)C(=O)N4CCC[C@H]4C(=O)N5CCC[C@H]5C(=O)N6CCC[C@H]6C(=O)N[C@@H](CO)C(=O)N)NC(=O)[C@H](CC7=CC=CC=C7)NC(=O)[C@H](CC(C)C)NC(=O)[C@H](CCCNC(=N)N)NC(=O)[C@H](C(C)C)NC(=O)[C@H](C)NC(=O)[C@H](CCC(=O)O)NC(=O)[C@H](CCC(=O)O)NC(=O)[C@H](CCC(=O)O)NC(=O)[C@H](CCSC)NC(=O)[C@H](CCC(=O)N)NC(=O)[C@H](CCCCN)NC(=O)[C@H](CO)NC(=O)[C@H](CC(C)C)NC(=O)[C@H](CC(=O)O)NC(=O)[C@H](CO)NC(=O)[C@H]([C@@H](C)O)NC(=O)[C@H](CC8=CC=CC=C8)NC(=O)[C@H]([C@@H](C)O)NC(=O)CNC(=O)[C@H](CCC(=O)O)NC(=O)CNC(=O)[C@H](CC9=CN=CN9)N","0"
"ferumoxytol","O[Fe]=O.O[Fe]=O.[Fe]","0"
"fesoterodine","CC(C)C(=O)OC1=C(C=C(C=C1)CO)[C@H](CCN(C(C)C)C(C)C)C2=CC=CC=C2.C(=C/C(=O)O)C(=O)O","0"
"fexofenadine","CC(C)(C1=CC=C(C=C1)C(CCCN2CCC(CC2)C(C3=CC=CC=C3)(C4=CC=CC=C4)O)O)C(=O)O","0"
"finasteride","C[C@]12CC[C@H]3[C@H]([C@@H]1CC[C@@H]2C(=O)NC(C)(C)C)CC[C@@H]4[C@@]3(C=CC(=O)N4)C","0"
"flavoxate","CC1=C(OC2=C(C1=O)C=CC=C2C(=O)OCCN3CCCCC3)C4=CC=CC=C4","0"
"fludarabine","C1=NC2=C(N1[C@H]3[C@H]([C@@H]([C@H](O3)COP(=O)(O)O)O)O)N=C(N=C2N)F","0"
"fludrocortisone","C[C@]12CCC(=O)C=C1CC[C@@H]3[C@@]2([C@H](C[C@]4([C@H]3CC[C@@]4(C(=O)CO)O)C)O)F","0"
"flumazenil","CCOC(=O)C1=C2CN(C(=O)C3=C(N2C=N1)C=CC(=C3)F)C","0"
"fluorescein","C1=CC=C2C(=C1)C(=O)OC23C4=C(C=C(C=C4)O)OC5=C3C=CC(=C5)O","0"
"fluorouracil","C1=C(C(=O)NC(=O)N1)F","0"
"folic acid","C1=CC(=CC=C1C(=O)N[C@@H](CCC(=O)O)C(=O)O)NCC2=CN=C3C(=N2)C(=O)N=C(N3)N","0"
"fospropofol","CC(C)C1=C(C(=CC=C1)C(C)C)OCOP(=O)([O-])[O-].[Na+].[Na+]","0"
"frovatriptan","CN[C@@H]1CCC2=C(C1)C3=C(N2)C=CC(=C3)C(=O)N","0"
"gadobenate dimeglumine","CNC[C@@H]([C@H]([C@@H]([C@@H](CO)O)O)O)O.CNC[C@@H]([C@H]([C@@H]([C@@H](CO)O)O)O)O.C1=CC=C(C=C1)COCC(C(=O)[O-])N(CCN(CCN(CC(=O)O)CC(=O)[O-])CC(=O)[O-])CC(=O)O.[Gd+3]","0"
"gadolinium ethoxybenzyl DTPA","CCOC1=CC=C(C=C1)CC(CN(CCN(CC(=O)[O-])CC(=O)[O-])CC(=O)[O-])N(CC(=O)[O-])CC(=O)[O-].[Na+].[Na+].[Gd+3]","0"
"gadopentetate dimeglumine","CNC[C@@H]([C@H]([C@@H]([C@@H](CO)O)O)O)O.CNC[C@@H]([C@H]([C@@H]([C@@H](CO)O)O)O)O.C(CN(CC(=O)O)CC(=O)[O-])N(CCN(CC(=O)O)CC(=O)[O-])CC(=O)[O-].[Gd+3]","0"
"gadoteridol","CC(CN1CCN(CCN(CCN(CC1)CC(=O)[O-])CC(=O)[O-])CC(=O)[O-])O.[Gd+3]","0"
"gadoversetamide","COCCNC(=O)CN(CCN(CCN(CC(=O)NCCOC)CC(=O)[O-])CC(=O)[O-])CC(=O)[O-].[Gd+3]","0"
"gamma hydroxybutyric acid","C(CC(=O)[O-])CO.[Na+]","0"
"ganirelix acetate","CCNC(=NCCCC[C@H](C(=O)N[C@@H](CC(C)C)C(=O)N[C@@H](CCCCN=C(NCC)NCC)C(=O)N1CCC[C@H]1C(=O)N[C@H](C)C(=O)N)NC(=O)[C@H](CC2=CC=C(C=C2)O)NC(=O)[C@H](CO)NC(=O)[C@@H](CC3=CN=CC=C3)NC(=O)[C@@H](CC4=CC=C(C=C4)Cl)NC(=O)[C@@H](CC5=CC6=CC=CC=C6C=C5)NC(=O)C)NCC","0"
"glycopyrrolate","C[N+]1(CCC(C1)OC(=O)C(C2CCCC2)(C3=CC=CC=C3)O)C","0"
"guaifenesin","COC1=CC=CC=C1OCC(CO)O","0"
"histamine diphosphate","C1=C(NC=N1)CCN.OP(=O)(O)O.OP(=O)(O)O","0"
"hydrocortisone","C[C@]12CCC(=O)C=C1CC[C@@H]3[C@@H]2[C@H](C[C@]4([C@H]3CC[C@@]4(C(=O)CO)O)C)O","0"
"hydroxyzine","C1CN(CCN1CCOCCO)C(C2=CC=CC=C2)C3=CC=C(C=C3)Cl","0"
"ibandronate","CCCCCN(C)CCC(O)(P(=O)(O)O)P(=O)(O)O","0"
"ibritumomab tiuxetan","CC(CN(CC(CC1=CC=C(C=C1)NC(=O)NC)N(CC(=O)O)CC(=O)O)CC(=O)O)N(CC(=O)O)CC(=O)O","0"
"ibutilide","CCCCCCCN(CC)CCCC(C1=CC=C(C=C1)NS(=O)(=O)C)O","0"
"indocyanine green","CC1(C(=[N+](C2=C1C3=CC=CC=C3C=C2)CCCCS(=O)(=O)[O-])C=CC=CC=CC=C4C(C5=C(N4CCCCS(=O)(=O)[O-])C=CC6=CC=CC=C65)(C)C)C.[Na+]","0"
"iothalamate sodium","CC(=O)NC1=C(C(=C(C(=C1I)C(=O)O)I)C(=O)NC)I","0"
"ioversol","C(CO)N(C1=C(C(=C(C(=C1I)C(=O)NCC(CO)O)I)C(=O)NCC(CO)O)I)C(=O)CO","0"
"isoproterenol","CC(C)NCC(C1=CC(=C(C=C1)O)O)O","0"
"isosorbide dinitrate","C1[C@H]([C@@H]2[C@H](O1)[C@H](CO2)O[N+](=O)[O-])O[N+](=O)[O-]","0"
"kanamycin","C1[C@H]([C@@H]([C@H]([C@@H]([C@H]1N)O[C@@H]2[C@@H]([C@H]([C@@H]([C@H](O2)CN)O)O)O)O)O[C@@H]3[C@@H]([C@H]([C@@H]([C@H](O3)CO)O)N)O)N","0"
"ketamine","CNC1(CCCCC1=O)C2=CC=CC=C2Cl","0"
"l-arginine","C(C[C@@H](C(=O)O)N)CN=C(N)N","0"
"l-carnitine","C[N+](C)(C)C[C@@H](CC(=O)[O-])O","0"
"l-methionine","CSCC[C@@H](C(=O)O)N","0"
"lactulose","C([C@@H]1[C@@H]([C@@H]([C@H]([C@@H](O1)O[C@@H]2[C@H](O[C@@]([C@H]2O)(CO)O)CO)O)O)O)O","0"
"lanthanum carbonate","C(=O)([O-])[O-].C(=O)([O-])[O-].C(=O)([O-])[O-].O.[La+3].[La+3]","0"
"leucovorin","C1C(N(C2=C(N1)NC(=NC2=O)N)C=O)CNC3=CC=C(C=C3)C(=O)N[C@H](CCC(=O)O)C(=O)O","0"
"levomefolate calcium","CN1[C@H](CNC2=C1C(=O)N=C(N2)N)CNC3=CC=C(C=C3)C(=O)N[C@@H](CCC(=O)[O-])C(=O)[O-].[Ca+2]","0"
"levonorgestrel","CC[C@]12CC[C@H]3[C@H]([C@@H]1CC[C@]2(C#C)O)CCC4=CC(=O)CC[C@H]34","0"
"levorphanol","CN1CC[C@]23CCCC[C@H]2[C@H]1CC4=C3C=C(C=C4)O","0"
"lidocaine","CCN(CC)CC(=O)NC1=C(C=CC=C1C)C","0"
"liothyronine","C1=CC(=C(C=C1OC2=C(C=C(C=C2I)C[C@@H](C(=O)O)N)I)I)O","0"
"loratadine","CCOC(=O)N1CCC(=C2C3=C(CCC4=C2N=CC=C4)C=C(C=C3)Cl)CC1","0"
"lubiprostone","CCCCC([C@]1(CC[C@H]2[C@H](O1)CC(=O)[C@H]2CCCCCCC(=O)O)O)(F)F","0"
"mecamylamine","CC1(C2CCC(C2)C1(C)NC)C","0"
"meclizine","CC1=CC(=CC=C1)CN2CCN(CC2)C(C3=CC=CC=C3)C4=CC=C(C=C4)Cl","0"
"mepenzolate","C[N+]1(CCCC(C1)OC(=O)C(C2=CC=CC=C2)(C3=CC=CC=C3)O)C","0"
"meperidine","CCOC(=O)C1(CCN(CC1)C)C2=CC=CC=C2","0"
"mepivacaine","CC1=C(C(=CC=C1)C)NC(=O)C2CCCCN2C","0"
"meprobamate","CCCC(C)(COC(=O)N)COC(=O)N","0"
"methamphetamine","C[C@@H](CC1=CC=CC=C1)NC","0"
"methsuximide","CC1(CC(=O)N(C1=O)C)C2=CC=CC=C2","0"
"methylergonovine","CC[C@@H](CO)NC(=O)[C@H]1CN([C@@H]2CC3=CNC4=CC=CC(=C34)C2=C1)C","0"
"methylnaltrexone bromide","C[N+]1(CC[C@]23[C@@H]4C(=O)CC[C@]2([C@H]1CC5=C3C(=C(C=C5)O)O4)O)CC6CC6.[Br-]","0"
"methylscopolamine bromide","C[N+]1(C2CC(CC1C3C2O3)OC(=O)C(CO)C4=CC=CC=C4)C","0"
"methysergide","CC[C@@H](CO)NC(=O)[C@H]1CN([C@@H]2CC3=CN(C4=CC=CC(=C34)C2=C1)C)C","0"
"metronidazole","CC1=NC=C(N1CCO)[N+](=O)[O-]","0"
"metyrapone","CC(C)(C1=CN=CC=C1)C(=O)C2=CN=CC=C2","0"
"metyrosine","C[C@](CC1=CC=C(C=C1)O)(C(=O)O)N","0"
"midazolam","CC1=NC=C2N1C3=C(C=C(C=C3)Cl)C(=NC2)C4=CC=CC=C4F","0"
"midodrine","COC1=CC(=C(C=C1)OC)C(CNC(=O)CN)O","0"
"mifepristone","CC#C[C@@]1(CC[C@@H]2[C@@]1(C[C@@H](C3=C4CCC(=O)C=C4CC[C@@H]23)C5=CC=C(C=C5)N(C)C)C)O","0"
"miglitol","C1[C@@H]([C@H]([C@@H]([C@H](N1CCO)CO)O)O)O","0"
"miglustat","CCCCN1C[C@@H]([C@H]([C@@H]([C@H]1CO)O)O)O","0"
"mitomycin","CC1=C(C(=O)C2=C(C1=O)N3C[C@H]4[C@@H]([C@@]3([C@@H]2COC(=O)N)OC)N4)N","0"
"mivacurium","C[N+]1(CCC2=CC(=C(C=C2[C@H]1CC3=CC(=C(C(=C3)OC)OC)OC)OC)OC)CCCOC(=O)CC/C=C/CCC(=O)OCCC[N+]4(CCC5=CC(=C(C=C5[C@H]4CC6=CC(=C(C(=C6)OC)OC)OC)OC)OC)C","0"
"morphine","CN1CC[C@]23[C@@H]4[C@H]1CC5=C2C(=C(C=C5)O)O[C@H]3[C@H](C=C4)O","0"
"nalbuphine","C1CC(C1)CN2CC[C@]34C5[C@H](CC[C@]3([C@H]2CC6=C4C(=C(C=C6)O)O5)O)O","0"
"naloxone","C=CCN1CC[C@]23[C@@H]4C(=O)CC[C@]2([C@H]1CC5=C3C(=C(C=C5)O)O4)O","0"
"neomycin","C1C(C(C(C(C1N)OC2C(C(C(C(O2)CN)O)O)N)OC3C(C(C(O3)CO)OC4C(C(C(C(O4)CN)O)O)N)O)O)N","0"
"nesiritide","CC[C@H](C)[C@H]1C(=O)N[C@H](C(=O)N[C@H](C(=O)N[C@H](C(=O)N[C@H](C(=O)NCC(=O)N[C@H](C(=O)NCC(=O)N[C@@H](CSSC[C@@H](C(=O)N[C@H](C(=O)NCC(=O)N[C@H](C(=O)N[C@H](C(=O)N[C@H](C(=O)N[C@H](C(=O)N[C@H](C(=O)N1)CCCNC(=N)N)CC(=O)O)CCSC)CCCCN)CCCNC(=N)N)CC2=CC=CC=C2)NC(=O)CNC(=O)[C@H](CO)NC(=O)CNC(=O)[C@H](CCC(=O)N)NC(=O)[C@H](C(C)C)NC(=O)[C@H](CCSC)NC(=O)[C@H](CCCCN)NC(=O)[C@@H]3CCCN3C(=O)[C@H](CO)N)C(=O)N[C@@H](CCCCN)C(=O)N[C@@H](C(C)C)C(=O)N[C@@H](CC(C)C)C(=O)N[C@@H](CCCNC(=N)N)C(=O)N[C@@H](CCCNC(=N)N)C(=O)N[C@@H](CC4C=NC=N4)C(=O)O)CC(C)C)CO)CO)CO)CO","0"
"nitazoxanide","CC(=O)OC1=CC=CC=C1C(=O)NC2=NC=C(S2)[N+](=O)[O-]","0"
"nitroglycerin","C(C(CO[N+](=O)[O-])O[N+](=O)[O-])O[N+](=O)[O-]","0"
"nitroprusside","[C-]#N.[C-]#N.[C-]#N.[C-]#N.[C-]#N.[N-]=O.[Fe+4]","0"
"norepinephrine","C1=CC(=C(C=C1[C@H](CN)O)O)O","0"
"nystatin","C[C@@H]1[C@H]([C@@H]([C@@H](C(O1)OC2CC(C(C(CC(=O)CC(C(CCC(CC(CC(CC(=O)OC(C(C(C(/C=C/C=C/CC/C=C/C=C/C=C/C=C2)C)O)C)C)O)O)O)O)O)O)C(=O)O)O)O)N)O","0"
"ofatumumab","C1COCC2=C1N=CC3=NC(=C4C=CON4)N=C23","0"
"orciprenaline","CC(C)NCC(C1=CC(=CC(=C1)O)O)O","0"
"orphenadrine","CC1=CC=CC=C1C(C2=CC=CC=C2)OCCN(C)C","0"
"oxybutynin","CCN(CC)CC#CCOC(=O)C(C1CCCCC1)(C2=CC=CC=C2)O","0"
"oxycodone","CN1CC[C@]23[C@@H]4C(=O)CC[C@]2([C@H]1CC5=C3C(=C(C=C5)OC)O4)O","0"
"oxymorphone","CN1CC[C@]23[C@@H]4C(=O)CC[C@]2([C@H]1CC5=C3C(=C(C=C5)O)O4)O","0"
"oxytocin","CC[C@H](C)[C@H]1C(=O)N[C@H](C(=O)N[C@H](C(=O)N[C@@H](CSSC[C@@H](C(=O)N[C@H](C(=O)N1)CC2=CC=C(C=C2)O)N)C(=O)N3CCC[C@H]3C(=O)N[C@@H](CC(C)C)C(=O)NCC(=O)N)CC(=O)N)CCC(=O)N","0"
"paliperidone","CC1=C(C(=O)N2CCCC(C2=N1)O)CCN3CCC(CC3)C4=NOC5=C4C=CC(=C5)F","0"
"pamabrom","CC(C)(CO)N.CN1C2=C(C(=O)N(C1=O)C)NC(=N2)Br","0"
"pancrelipase","C[Si]12OCCN(CC(O1)COCC=C)CC(O2)COCC=C","0"
"pancuronium","CC(=O)O[C@H]1C[C@@H]2CC[C@@H]3[C@@H]([C@]2(C[C@@H]1[N+]4(CCCCC4)C)C)CC[C@]5([C@H]3C[C@@H]([C@@H]5OC(=O)C)[N+]6(CCCCC6)C)C.[Br-].[Br-]","0"
"paromomycin","C1[C@H]([C@@H]([C@H]([C@@H]([C@H]1N)O[C@@H]2[C@@H]([C@H]([C@@H]([C@H](O2)CO)O)O)N)O[C@H]3[C@@H]([C@@H]([C@H](O3)CO)O[C@@H]4[C@@H]([C@H]([C@@H]([C@@H](O4)CN)O)O)N)O)O)N","0"
"penbutolol","CC(C)(C)NC[C@@H](COC1=CC=CC=C1C2CCCC2)O","0"
"penicillin v","CC1([C@@H](N2[C@H](S1)[C@@H](C2=O)NC(=O)COC3=CC=CC=C3)C(=O)O)C","0"
"pentagastrin","CC(C)COC(=O)NCCC(=O)N[C@@H](CC1=CNC2=CC=CC=C21)C(=O)N[C@@H](CCSC)C(=O)N[C@@H](CC(=O)O)C(=O)N[C@@H](CC3=CC=CC=C3)C(=O)N","0"
"pentazocine","C[C@H]1[C@H]2CC3=C([C@@]1(CCN2CC=C(C)C)C)C=C(C=C3)O","0"
"pentetic acid","C(CN(CC(=O)O)CC(=O)O)N(CCN(CC(=O)O)CC(=O)O)CC(=O)O","0"
"perflutren","C(C(F)(F)F)(C(F)(F)F)(F)F","0"
"phenoxybenzamine","CC(COC1=CC=CC=C1)N(CCCl)CC2=CC=CC=C2","0"
"phentermine","CC(C)(CC1=CC=CC=C1)N","0"
"phentolamine","CC1=CC=C(C=C1)N(CC2=NCCN2)C3=CC(=CC=C3)O","0"
"phytonadione","CC1=C(C(=O)C2=CC=CC=C2C1=O)CC=C(C)CCCC(C)CCCC(C)CCCC(C)C","0"
"polyethylene glycol 3350","C(CO)O","0"
"polymyxin b sulfate","CCC(C)CCCCC(=O)NC(CCN)C(=O)NC(C(C)O)C(=O)NC(CCN)C(=O)NC1CCNC(=O)C(NC(=O)C(NC(=O)C(NC(=O)C(NC(=O)C(NC(=O)C(NC1=O)CCN)CC2=CC=CC=C2)CC(C)C)CCN)CCN)C(C)O.OS(=O)(=O)O","0"
"porfimer","CC1=C(C2=CC3=NC(=CC4=NC(=CC5=C(C(=C(N5)C=C1N2)C(C)OC(C)C6=C(C7=CC8=C(C(=C(N8)C=C9C(=C(C(=N9)C=C1C(=C(C(=N1)C=C6N7)C)CCC(=O)O)CCC(=O)O)C)C)C(C)O)C)C)C(=C4CCC(=O)O)C)C(=C3C)CCC(=O)O)C(C)O","0"
"pramlintide","CC[C@H](C)[C@@H](C(=O)N[C@@H](CC(C)C)C(=O)N1CCC[C@H]1C(=O)N2CCC[C@H]2C(=O)N[C@@H]([C@@H](C)O)C(=O)N[C@@H](CC(=O)N)C(=O)N[C@@H](C(C)C)C(=O)NCC(=O)N[C@@H](CO)C(=O)N[C@@H](CC(=O)N)C(=O)N[C@@H]([C@@H](C)O)C(=O)N[C@@H](CC3=CC=C(C=C3)O)C(=O)N)NC(=O)[C@@H]4CCCN4C(=O)CNC(=O)[C@H](CC5=CC=CC=C5)NC(=O)[C@H](CC(=O)N)NC(=O)[C@H](CC(=O)N)NC(=O)[C@H](CO)NC(=O)[C@H](CO)NC(=O)[C@H](CC6=CN=CN6)NC(=O)[C@H](C(C)C)NC(=O)[C@H](CC(C)C)NC(=O)[C@H](CC7=CC=CC=C7)NC(=O)[C@H](CC(=O)N)NC(=O)[C@H](C)NC(=O)[C@H](CC(C)C)NC(=O)[C@H](CCCNC(=N)N)NC(=O)[C@H](CCC(=O)N)NC(=O)[C@H]([C@@H](C)O)NC(=O)[C@H](C)NC(=O)[C@H](CS)NC(=O)[C@H]([C@@H](C)O)NC(=O)[C@H](C)NC(=O)[C@H]([C@@H](C)O)NC(=O)[C@H](CC(=O)N)NC(=O)[C@H](CS)NC(=O)[C@H](CCCCN)N","0"
"prasugrel hydrochloride","CC(=O)OC1=CC2=C(S1)CCN(C2)C(C3=CC=CC=C3F)C(=O)C4CC4","0"
"pregabalin","CC(C)C[C@@H](CC(=O)O)CN","0"
"primidone","CCC1(C(=O)NCNC1=O)C2=CC=CC=C2","0"
"procyclidine","C1CCC(CC1)C(CCN2CCCC2)(C3=CC=CC=C3)O","0"
"propantheline","CC(C)[N+](C)(CCOC(=O)C1C2=CC=CC=C2OC3=CC=CC=C13)C(C)C","0"
"protirelin","C1C[C@H](N(C1)C(=O)[C@H](CC2=CN=CN2)NC(=O)[C@@H]3CCC(=O)N3)C(=O)N","0"
"protriptyline","CNCCCC1C2=CC=CC=C2C=CC3=CC=CC=C13","0"
"pseudoephedrine","C[C@@H]([C@H](C1=CC=CC=C1)O)NC","0"
"pyrantel","CN1CCCN=C1/C=C/C2=CC=CS2","0"
"pyridostigmine","C[N+]1=CC=CC(=C1)OC(=O)N(C)C","0"
"raloxifene","C1CCN(CC1)CCOC2=CC=C(C=C2)C(=O)C3=C(SC4=C3C=CC(=C4)O)C5=CC=C(C=C5)O","0"
"ramelteon","CCC(=O)NCC[C@@H]1CCC2=C1C3=C(C=C2)OCC3","0"
"ranolazine","CC1=C(C(=CC=C1)C)NC(=O)CN2CCN(CC2)CC(COC3=CC=CC=C3OC)O","0"
"regadenoson","CNC(=O)C1=CN(N=C1)C2=NC3=C(C(=N2)N)N=CN3[C@H]4[C@@H]([C@@H]([C@H](O4)CO)O)O","0"
"reserpine","CO[C@H]1[C@@H](C[C@@H]2CN3CCC4=C([C@H]3C[C@@H]2[C@@H]1C(=O)OC)NC5=C4C=CC(=C5)OC)OC(=O)C6=CC(=C(C(=C6)OC)OC)OC","0"
"riboflavin","CC1=CC2=C(C=C1C)N(C3=NC(=O)NC(=O)C3=N2)C[C@H]([C@H]([C@H](CO)O)O)O","0"
"rimantadine","CC(C12CC3CC(C1)CC(C3)C2)N","0"
"rizatriptan","CN(C)CCC1=CNC2=C1C=C(C=C2)CN3C=NC=N3","0"
"romiplostim","CC1=CC(=C(N1)C=C2C3=CC=CC=C3NC2=O)C","0"
"rubidium chloride rb-82","[Cl-].[Rb+]","0"
"saxagliptin","C1[C@@H]2C[C@@H]2N([C@@H]1C#N)C(=O)[C@H](C34CC5CC(C3)CC(C5)(C4)O)N.Cl","0"
"scopolamine","CN1C2CC(CC1C3C2O3)OC(=O)C(CO)C4=CC=CC=C4","0"
"selegiline","C[C@H](CC1=CC=CC=C1)N(C)CC#C","0"
"simethicone","CO[Si](C)(C)O[Si](C)(C)C.O=[Si]=O","0"
"sincalide","CSCC[C@@H](C(=O)NCC(=O)N[C@@H](CC1=CNC2=CC=CC=C21)C(=O)N[C@@H](CCSC)C(=O)N[C@@H](CC(=O)O)C(=O)N[C@@H](CC3=CC=CC=C3)C(=O)N)NC(=O)[C@H](CC4=CC=C(C=C4)OS(=O)(=O)O)NC(=O)[C@H](CC(=O)O)N","0"
"sodium bicarbonate","C(=O)(O)[O-].[Na+]","0"
"sodium lactate","[13CH3]C(C(=O)[O-])O.[Na+]","0"
"sodium thiosulfate","[O-]S(=O)(=S)[O-].[Na+].[Na+]","0"
"sorbitol","C([C@H]([C@@H]([C@H]([C@H](CO)O)O)O)O)O","0"
"sterile water","O","0"
"streptomycin","C[C@H]1[C@@]([C@H]([C@@H](O1)O[C@@H]2[C@H]([C@@H]([C@H]([C@@H]([C@H]2O)O)N=C(N)N)O)N=C(N)N)O[C@H]3[C@H]([C@@H]([C@H]([C@@H](O3)CO)O)O)NC)(C=O)O","0"
"succinylcholine","C[N+](C)(C)CCOC(=O)CCC(=O)OCC[N+](C)(C)C","0"
"sucralfate","C([C@@H]1[C@H]([C@@H]([C@H]([C@@H](O1)O[C@]2([C@H]([C@@H]([C@H](O2)OS(=O)(=O)[O-])OS(=O)(=O)[O-])OS(=O)(=O)[O-])COS(=O)(=O)[O-])OS(=O)(=O)[O-])OS(=O)(=O)[O-])OS(=O)(=O)[O-])OS(=O)(=O)[O-].O.O.O.[Al]","0"
"sufentanil","CCC(=O)N(C1=CC=CC=C1)C2(CCN(CC2)CCC3=CC=CS3)COC","0"
"sulfamethizole","CC1=NN=C(S1)NS(=O)(=O)C2=CC=C(C=C2)N","0"
"tamsulosin","CCOC1=CC=CC=C1OCCN[C@H](C)CC2=CC(=C(C=C2)OC)S(=O)(=O)N","0"
"tapentadol","CCC(C1=CC(=CC=C1)O)C(C)CN(C)C","0"
"terazosin","COC1=C(C=C2C(=C1)C(=NC(=N2)N3CCN(CC3)C(=O)C4CCCO4)N)OC","0"
"teriparatide","CC[C@H](C)[C@@H](C(=O)N[C@@H](CCC(=O)N)C(=O)N[C@@H](CC(C)C)C(=O)N[C@@H](CCSC)C(=O)N[C@@H](CC1=CNC=N1)C(=O)N[C@@H](CC(=O)N)C(=O)N[C@@H](CC(C)C)C(=O)NCC(=O)N[C@@H](CCCCN)C(=O)N[C@@H](CC2=CNC=N2)C(=O)N[C@@H](CC(C)C)C(=O)N[C@@H](CC(=O)N)C(=O)N[C@@H](CO)C(=O)N[C@@H](CCSC)C(=O)N[C@@H](CCC(=O)O)C(=O)N[C@@H](CCCNC(=N)N)C(=O)N[C@@H](C(C)C)C(=O)N[C@@H](CCC(=O)O)C(=O)N[C@@H](CC3=CNC4=CC=CC=C43)C(=O)N[C@@H](CC(C)C)C(=O)N[C@@H](CCCNC(=N)N)C(=O)N[C@@H](CCCCN)C(=O)N[C@@H](CCCCN)C(=O)N[C@@H](CC(C)C)C(=O)N[C@@H](CCC(=O)N)C(=O)N[C@@H](CC(=O)O)C(=O)N[C@@H](C(C)C)C(=O)N[C@@H](CC5=CNC=N5)C(=O)N[C@@H](CC(=O)N)C(=O)N[C@@H](CC6=CC=CC=C6)C(=O)O)NC(=O)[C@H](CCC(=O)O)NC(=O)[C@H](CO)NC(=O)[C@H](C(C)C)NC(=O)[C@H](CO)N","0"
"tetrahydrobiopterin","CC(C(C1CNC2=C(N1)C(=O)N=C(N2)N)O)O","0"
"theophylline","CN1C2=C(C(=O)N(C1=O)C)NC=N2","0"
"thiamine","CC1=C(SC=[N+]1CC2=CN=C(N=C2N)C)CCO","0"
"tiludronate","C1=CC(=CC=C1SC(P(=O)(O)O)P(=O)(O)O)Cl","0"
"tirofiban","CCCCS(=O)(=O)N[C@@H](CC1=CC=C(C=C1)OCCCCC2CCNCC2)C(=O)O","0"
"tolterodine","CC1=CC(=C(C=C1)O)[C@@H](CCN(C(C)C)C(C)C)C2=CC=CC=C2","0"
"topotecan","CC[C@@]1(C2=C(COC1=O)C(=O)N3CC4=C(C3=C2)N=C5C=CC(=C(C5=C4)CN(C)C)O)O","0"
"trientine hydrochloride","C(CNCCNCCN)N.Cl.Cl","0"
"trihexyphenidyl","C1CCC(CC1)C(CCN2CCCCC2)(C3=CC=CC=C3)O","0"
"triprolidine","CC1=CC=C(C=C1)/C(=CCN2CCCC2)/C3=CC=CC=N3","0"
"trospium","C1CC[N+]2(C1)[C@H]3CCC2CC(C3)OC(=O)C(C4=CC=CC=C4)(C5=CC=CC=C5)O.[Cl-]","0"
"tyramine","C1=CC(=CC=C1CCN)O","0"
"urofollitropin","CCC(C)C1C(=O)NC(C(=O)NC(C(=O)NC(CSSCC(C(=O)NC(C(=O)N1)CC2=CC=C(C=C2)O)N)C(=O)N3CCCC3C(=O)NC(CC(C)C)C(=O)NCC(=O)N)CC(=O)N)C(C)O","0"
"ustekinumab","CC1(N=C(N=C(N1OCCCOC2=CC(=C(C=C2Cl)Cl)Cl)N)N)C","0"
"vancomycin","C[C@H]1[C@H]([C@@](C[C@@H](O1)O[C@@H]2[C@H]([C@@H]([C@H](O[C@H]2OC3=C4C=C5C=C3OC6=C(C=C(C=C6)[C@H](C(C(=O)N[C@H](C(=O)N[C@H]5C(=O)N[C@@H]7C8=CC(=C(C=C8)O)C9=C(C=C(C=C9[C@@H](NC(=O)[C@H]([C@@H](C1=CC(=C(O4)C=C1)Cl)O)NC7=O)C(=O)O)O)O)CC(=O)N)NC(=O)[C@@H](CC(C)C)NC)O)Cl)CO)O)O)(C)N)O","0"
"vecuronium","CC(=O)O[C@H]1C[C@@H]2CC[C@@H]3[C@@H]([C@]2(C[C@@H]1N4CCCCC4)C)CC[C@]5([C@H]3C[C@@H]([C@@H]5OC(=O)C)[N+]6(CCCCC6)C)C.[Br-]","0"
"vinblastine","CC[C@@]1(C[C@H]2C[C@@](C3=C(CCN(C2)C1)C4=CC=CC=C4N3)(C5=C(C=C6C(=C5)[C@]78CCN9[C@H]7[C@@](C=CC9)([C@H]([C@@]([C@@H]8N6C)(C(=O)OC)O)OC(=O)C)CC)OC)C(=O)OC)O","0"
"vitamin e","CC1=C(C(=C2CC[C@@](OC2=C1C)(C)CCC[C@H](C)CCC[C@H](C)CCCC(C)C)C)O","0"
"vorinostat","C1=CC=C(C=C1)NC(=O)CCCCCCC(=O)NO","0"
"zaleplon","CCN(C1=CC=CC(=C1)C2=CC=NC3=C(C=NN23)C#N)C(=O)C","0"
"zoledronate","C1=CN(C=N1)CC(O)(P(=O)(O)O)P(=O)(O)O","0"
